event_id,timestamp,sensor_id,junction_id,lane_id,vehicle_type,vehicle_count,average_speed,traffic_density,weather_condition,latitude,longitude,occupancy_rate,road_type,direction,incident_status
evt_73c8b9df9ccd4880b0bf67fbb5340981,2026-09-26T16:22:38+00:00,S010,J007,L2,car,9,58.55,LOW,clear,28.654465,77.18509,0.06,arterial,NE,normal
evt_8654c6e5adeb4af0ae0cf57945c32c8b,2026-09-26T16:22:44+00:00,S003,J001,L2,auto_rickshaw,58,26.16,HIGH,clear,28.602648,77.246842,0.39,local,W,normal
evt_57344c42dd3849a3978758f07d6ff221,2026-09-26T16:22:53+00:00,S016,J009,L4,motorcycle,8,65.64,LOW,clear,28.649299,77.221181,0.05,highway,N,normal
evt_1db10858cf404f8bbc98d82d3868a8f7,2026-09-26T16:22:58+00:00,S017,J004,L3,car,38,25.66,HIGH,clear,28.661804,77.239639,0.25,arterial,SW,normal
evt_0ae0ec55bacf4a8985bfb997a640e17c,2026-09-26T16:23:08+00:00,S011,J008,L1,auto_rickshaw,41,19.94,HIGH,clear,28.632225,77.166992,0.27,local,NE,normal
evt_27eb24adc82748239e7c6efcb608da2e,2026-09-26T16:23:14+00:00,S013,J004,L3,motorcycle,1,54.65,LOW,fog,28.66172,77.239744,0.01,arterial,E,normal
evt_ca83f3ae29994cbb992e57afc1ba82a5,2026-09-26T16:23:15+00:00,S026,J004,L2,car,15,27.94,MEDIUM,clear,28.661812,77.239801,0.1,arterial,W,normal
evt_0e3840ef546f4cc98f2fc02211c83092,2026-09-26T16:23:25+00:00,S028,J004,L2,van,10,77.96,LOW,cloudy,28.661711,77.239779,0.07,arterial,SE,normal
evt_639f66a214f541678c973dd3a00f7f59,2026-09-26T16:23:34+00:00,S005,J006,L5,bus,10,49.03,LOW,clear,28.59833,77.191644,0.07,local,N,normal
evt_8e0996bc6b154f27ae895af8c7f37d7b,2026-09-26T16:23:36+00:00,S025,J003,L2,car,11,29.66,MEDIUM,clear,28.608349,77.180087,0.07,local,NE,normal
evt_38fa328c02114ebc8a3f853783dd24c2,2026-09-26T16:23:45+00:00,S020,J008,L2,motorcycle,42,19.25,HIGH,rain,28.63215,77.167047,0.28,local,S,normal
evt_087d5b9164ad4423b7060b128b8fd41a,2026-09-26T16:23:47+00:00,S019,J008,L2,auto_rickshaw,29,40.83,MEDIUM,clear,28.632182,77.167019,0.19,local,NE,normal
evt_ddb8f8722aa14a849caf2fceab370442,2026-09-26T16:23:48+00:00,S007,J005,L1,car,56,16.52,HIGH,cloudy,28.632115,77.205206,0.37,highway,N,normal
evt_257f5034de354e3cb5484072ea375d22,2026-09-26T16:23:54+00:00,S014,J010,L3,car,46,14.31,HIGH,cloudy,28.655334,77.184368,0.31,highway,SW,normal
evt_f379c8ca3dfc4663912aa53cc6696f29,2026-09-26T16:24:03+00:00,S004,J003,L2,auto_rickshaw,31,25.52,HIGH,clear,28.608345,77.180107,0.21,local,NE,normal
evt_532bb457f3b9437995a2f8b5b05951af,2026-09-26T16:24:06+00:00,S010,J007,L2,motorcycle,24,43.09,MEDIUM,clear,28.654465,77.18509,0.16,arterial,NE,minor_incident
evt_6246a46b3d834bfbb97a67d4337e77ea,2026-09-26T16:24:13+00:00,S004,J003,L2,car,29,25.12,MEDIUM,clear,28.608345,77.180107,0.19,local,NE,normal
evt_7b0307b9d9fc408ab66cfe83e0a5a383,2026-09-26T16:24:14+00:00,S014,J010,L3,motorcycle,61,23.22,HIGH,rain,28.655334,77.184368,0.41,highway,SW,minor_incident
evt_1c8b346b42d7470bb131e027a4aa7454,2026-09-26T16:24:22+00:00,S016,J009,L4,car,23,48.6,MEDIUM,clear,28.649299,77.221181,0.15,highway,N,normal
evt_9f69c146d1bf475e89316338d609f195,2026-09-26T16:24:28+00:00,S012,J006,L3,car,9,40.49,LOW,rain,28.598354,77.191618,0.06,local,NW,normal
evt_a742de04736b4d86816e258f4bf1aa28,2026-09-26T16:24:30+00:00,S026,J004,L2,car,29,46.77,MEDIUM,cloudy,28.661812,77.239801,0.19,arterial,W,normal
evt_ca82742c523b481d83e29b7899f18bac,2026-09-26T16:24:32+00:00,S030,J006,L4,car,40,21.6,HIGH,rain,28.598275,77.191626,0.27,local,NW,normal
evt_1e6d798aa2d24bab8919cf74fe5ecd03,2026-09-26T16:24:37+00:00,S029,J008,L2,van,24,36.67,MEDIUM,cloudy,28.632315,77.166988,0.16,local,SE,normal
evt_790549ca96ed4d3d9ad9e14a7e5b00ad,2026-09-26T16:24:40+00:00,S021,J007,L2,car,70,20.56,HIGH,clear,28.654318,77.185082,0.47,arterial,S,normal
evt_7da49c2d46904b58afef0448c5006630,2026-09-26T16:24:45+00:00,S025,J003,L2,car,1,58.03,LOW,clear,28.608349,77.180087,0.01,local,NE,normal
evt_4ce43a2a6ee64ecc940d2de7d3f74507,2026-09-26T16:24:51+00:00,S013,J004,L3,car,7,43.44,LOW,fog,28.66172,77.239744,0.05,arterial,E,normal
evt_7cd98c2ba3bf4e3b999e5cfcd3f7cc78,2026-09-26T16:24:59+00:00,S028,J004,L2,car,62,14.56,HIGH,clear,28.661711,77.239779,0.41,arterial,SE,normal
evt_9c73140bc0824576b0a562802a5c7e95,2026-09-26T16:25:06+00:00,S018,J002,L2,car,18,26.26,MEDIUM,cloudy,28.619258,77.174663,0.12,highway,SE,normal
evt_1dcf471539ca43bead62173d45d19a80,2026-09-26T16:25:12+00:00,S023,J009,L3,car,52,18.56,HIGH,clear,28.64929,77.221191,0.35,highway,NW,normal
evt_d7409872a8bb4ef998b392e5b9c43461,2026-09-26T16:25:15+00:00,S002,J002,L3,truck,25,25.26,MEDIUM,cloudy,28.619324,77.174609,0.17,highway,N,normal
evt_13a5cbe75b114e7fb6f21e4587769f77,2026-09-26T16:25:16+00:00,S026,J004,L2,motorcycle,4,40.75,LOW,clear,28.661812,77.239801,0.03,arterial,W,normal
evt_b15b445dc9264e8d809ab2d804c19d7f,2026-09-26T16:25:23+00:00,S004,J003,L2,car,32,21.57,HIGH,clear,28.608345,77.180107,0.21,local,NE,normal
evt_cf53db7b9f824afe9c448bd495038e95,2026-09-26T16:25:26+00:00,S007,J005,L1,motorcycle,16,45.71,MEDIUM,clear,28.632115,77.205206,0.11,highway,N,normal
evt_b5708e8b40404c998bec29d01b805853,2026-09-26T16:25:27+00:00,S005,J006,L5,car,6,60.41,LOW,clear,28.59833,77.191644,0.04,local,N,normal
evt_d990a4ebef9f42428c956744abc00919,2026-09-26T16:25:35+00:00,S023,J009,L3,motorcycle,144,3.83,SEVERE,rain,28.64929,77.221191,0.96,highway,NW,major_incident
evt_5cd02d34a36946d8b775848383c4fccd,2026-09-26T16:25:43+00:00,S028,J004,L2,bus,16,34.0,MEDIUM,clear,28.661711,77.239779,0.11,arterial,SE,normal
evt_d7c4968c9a9b40baa96602d421096446,2026-09-26T16:25:53+00:00,S025,J003,L2,motorcycle,12,38.97,MEDIUM,clear,28.608349,77.180087,0.08,local,NE,normal
evt_408356881d764ffeba061a700b26c9a0,2026-09-26T16:25:58+00:00,S008,J006,L6,car,34,10.62,HIGH,cloudy,28.598311,77.191609,0.23,local,E,normal
evt_67715dafa61e4d9baadd47fc543ff134,2026-09-26T16:26:01+00:00,S001,J005,L1,car,70,28.32,HIGH,clear,28.632102,77.205139,0.47,highway,W,normal
evt_6eaa8cc8f1004295b8230b6b41fce48d,2026-09-26T16:26:07+00:00,S004,J003,L2,car,8,40.66,LOW,clear,28.608345,77.180107,0.05,local,NE,normal
evt_7614957d0e6649e78f232e2958191ca9,2026-09-26T16:26:13+00:00,S014,J010,L3,auto_rickshaw,60,16.25,HIGH,clear,28.655334,77.184368,0.4,highway,SW,normal
evt_00b42ca863b74ba9a47d89d842c65250,2026-09-26T16:26:19+00:00,S009,J005,L2,car,29,34.5,MEDIUM,clear,28.63221,77.205185,0.19,highway,NW,normal
evt_a28cc6b8600d4a9eb28152b13b3284ba,2026-09-26T16:26:29+00:00,S011,J008,L1,motorcycle,114,5.85,SEVERE,rain,28.632225,77.166992,0.76,local,NE,normal
evt_9ea26652cfde4111aba181abedfc21c5,2026-09-26T16:26:37+00:00,S029,J008,L2,car,29,43.6,MEDIUM,clear,28.632315,77.166988,0.19,local,SE,normal
evt_68c274660e50474b9fb28ca4942d841d,2026-09-26T16:26:43+00:00,S026,J004,L2,motorcycle,1,46.62,LOW,clear,28.661812,77.239801,0.01,arterial,W,normal
evt_024bdb99833840f090e0b907b43f6b93,2026-09-26T16:26:45+00:00,S004,J003,L2,auto_rickshaw,8,79.15,LOW,clear,28.608345,77.180107,0.05,local,NE,normal
evt_2808d9a7e6d246bc8378ba94f7df4fbd,2026-09-26T16:26:53+00:00,S030,J006,L4,auto_rickshaw,32,13.02,HIGH,rain,28.598275,77.191626,0.21,local,NW,normal
evt_aebf9fe92b9a4c3c9baea44af83c7989,2026-09-26T16:27:00+00:00,S021,J007,L2,car,22,31.2,MEDIUM,clear,28.654318,77.185082,0.15,arterial,S,minor_incident
evt_07bc741bb00342e186bf9896672e3765,2026-09-26T16:27:09+00:00,S028,J004,L2,auto_rickshaw,23,31.12,MEDIUM,clear,28.661711,77.239779,0.15,arterial,SE,normal
evt_df2f93f3a4484a8d924b17358d6a5d11,2026-09-26T16:27:16+00:00,S014,J010,L3,car,14,29.77,MEDIUM,cloudy,28.655334,77.184368,0.09,highway,SW,normal
evt_d319c2a5680241b3b21ee855aa478781,2026-09-26T16:27:26+00:00,S013,J004,L3,car,10,66.09,LOW,clear,28.66172,77.239744,0.07,arterial,E,normal
evt_124f29b421e74992b3f4d38adabb9341,2026-09-26T16:27:28+00:00,S028,J004,L2,motorcycle,15,44.26,MEDIUM,clear,28.661711,77.239779,0.1,arterial,SE,normal
evt_e788b5566a0f4a9c82ece7e321cde837,2026-09-26T16:27:36+00:00,S022,J005,L2,motorcycle,3,49.91,LOW,clear,28.632101,77.20505,0.02,highway,E,normal
evt_0e1bca3bf5c3426fb8cc3abd691debeb,2026-09-26T16:27:39+00:00,S019,J008,L2,motorcycle,101,8.4,SEVERE,rain,28.632182,77.167019,0.67,local,NE,normal
evt_1f646476f8e540f3a27068c572ff1fd3,2026-09-26T16:27:43+00:00,S014,J010,L3,van,14,47.12,MEDIUM,clear,28.655334,77.184368,0.09,highway,SW,normal
evt_4f01d2390d394151b3322cf111cf374e,2026-09-26T16:27:45+00:00,S003,J001,L2,auto_rickshaw,21,25.97,MEDIUM,clear,28.602648,77.246842,0.14,local,W,normal
evt_7a138ea21a7a4cac8843331a4c430ae9,2026-09-26T16:27:47+00:00,S002,J002,L3,car,17,31.84,MEDIUM,clear,28.619324,77.174609,0.11,highway,N,normal
evt_72db641bad01441fae335b175cedc864,2026-09-26T16:27:50+00:00,S012,J006,L3,motorcycle,23,30.1,MEDIUM,clear,28.598354,77.191618,0.15,local,NW,normal
evt_f447e9a1f6d24e5cb05a9d87f06fafab,2026-09-26T16:27:52+00:00,S013,J004,L3,bus,16,32.85,MEDIUM,clear,28.66172,77.239744,0.11,arterial,E,normal
evt_2e01e52906ab439ca69f5ed2eae1ff9c,2026-09-26T16:27:54+00:00,S017,J004,L3,car,2,48.12,LOW,clear,28.661804,77.239639,0.01,arterial,SW,normal
evt_1da60c3df17b461d8ae7e9dec83af135,2026-09-26T16:28:00+00:00,S020,J008,L2,car,51,15.02,HIGH,fog,28.63215,77.167047,0.34,local,S,minor_incident
evt_31e75f5ff391419fbe0d2f7dc89e29f2,2026-09-26T16:28:01+00:00,S008,J006,L6,car,21,43.7,MEDIUM,clear,28.598311,77.191609,0.14,local,E,minor_incident
evt_d6e535b164df4ef0a208dc840a46f1f5,2026-09-26T16:28:02+00:00,S020,J008,L2,motorcycle,14,32.45,MEDIUM,cloudy,28.63215,77.167047,0.09,local,S,normal
evt_a6c65f4c87c843848fa43a80863e1c2c,2026-09-26T16:28:04+00:00,S016,J009,L4,motorcycle,10,62.78,LOW,clear,28.649299,77.221181,0.07,highway,N,normal
evt_f68251331d384f9ea1f632501583d5a7,2026-09-26T16:28:12+00:00,S022,J005,L2,motorcycle,14,28.97,MEDIUM,clear,28.632101,77.20505,0.09,highway,E,normal
evt_814d6a1e01bd4acdbe7701b87966f69c,2026-09-26T16:28:21+00:00,S005,J006,L5,bus,49,11.36,HIGH,rain,28.59833,77.191644,0.33,local,N,normal
evt_21b0506f5a164b569bd7110768de5518,2026-09-26T16:28:28+00:00,S007,J005,L1,truck,22,35.23,MEDIUM,clear,28.632115,77.205206,0.15,highway,N,normal
evt_d25be2f4b2c5488cbea92589a770735d,2026-09-26T16:28:30+00:00,S007,J005,L1,motorcycle,54,15.91,HIGH,cloudy,28.632115,77.205206,0.36,highway,N,normal
evt_04f85b18ed3046139e45d0b79c11cd90,2026-09-26T16:28:40+00:00,S024,J001,L1,car,16,29.71,MEDIUM,clear,28.602744,77.246835,0.11,local,E,normal
evt_3cce0590f31445829b187b7412804cc3,2026-09-26T16:28:41+00:00,S022,J005,L2,motorcycle,1,59.1,LOW,cloudy,28.632101,77.20505,0.01,highway,E,normal
evt_fba1bfc8d83443a7a999ac1bd0883903,2026-09-26T16:28:44+00:00,S001,J005,L1,car,28,33.22,MEDIUM,clear,28.632102,77.205139,0.19,highway,W,normal
evt_26959bab7911445999bf634f1e0c61a9,2026-09-26T16:28:46+00:00,S004,J003,L2,motorcycle,36,9.58,HIGH,rain,28.608345,77.180107,0.24,local,NE,normal
evt_b9aa709dfd1e49689ab370e48f55ac90,2026-09-26T16:28:52+00:00,S003,J001,L2,car,19,28.79,MEDIUM,clear,28.602648,77.246842,0.13,local,W,normal
evt_0fc187a1955e46379463974d0d76131e,2026-09-26T16:29:00+00:00,S019,J008,L2,motorcycle,8,44.43,LOW,cloudy,28.632182,77.167019,0.05,local,NE,normal
evt_36f2275240d94f08b90c26be13ceb559,2026-09-26T16:29:04+00:00,S007,J005,L1,motorcycle,2,45.1,LOW,fog,28.632115,77.205206,0.01,highway,N,normal
evt_6f99b861f95c4af1af3eefb5637e768c,2026-09-26T16:29:10+00:00,S005,J006,L5,car,1,41.2,LOW,rain,28.59833,77.191644,0.01,local,N,normal
evt_e855bc8c37604f03b22c6ff417f86544,2026-09-26T16:29:13+00:00,S030,J006,L4,car,20,27.88,MEDIUM,clear,28.598275,77.191626,0.13,local,NW,normal
evt_3773016094054f12842e758acda90c7e,2026-09-26T16:29:19+00:00,S028,J004,L2,car,132,11.04,SEVERE,fog,28.661711,77.239779,0.88,arterial,SE,normal
evt_3c8468aece054ca2a9cf933005028dcf,2026-09-26T16:29:21+00:00,S006,J006,L4,motorcycle,3,59.76,LOW,clear,28.598421,77.191761,0.02,local,NE,normal
evt_6de8f3b1c5634a3b95ed315f1f4e0843,2026-09-26T16:29:30+00:00,S021,J007,L2,auto_rickshaw,57,28.92,HIGH,clear,28.654318,77.185082,0.38,arterial,S,normal
evt_7edcd68d73af46e5b39661054db9e37f,2026-09-26T16:29:37+00:00,S005,J006,L5,car,12,33.39,MEDIUM,clear,28.59833,77.191644,0.08,local,N,normal
evt_df315b21d65543daac65f345ce999b8c,2026-09-26T16:29:45+00:00,S003,J001,L2,motorcycle,69,8.51,HIGH,fog,28.602648,77.246842,0.46,local,W,normal
evt_60883e5ba8234302b89076c86f2025ee,2026-09-26T16:29:48+00:00,S029,J008,L2,car,49,23.66,HIGH,cloudy,28.632315,77.166988,0.33,local,SE,normal
evt_6c470e97478a4a7d98c157d8d9cdf7c3,2026-09-26T16:29:56+00:00,S030,J006,L4,motorcycle,4,77.36,LOW,clear,28.598275,77.191626,0.03,local,NW,normal
evt_18bc70101e724266a80c25a6a73db216,2026-09-26T16:29:58+00:00,S026,J004,L2,auto_rickshaw,9,50.23,LOW,cloudy,28.661812,77.239801,0.06,arterial,W,normal
evt_c2a1cea76a8b432b89f659e13b6c9d86,2026-09-26T16:30:05+00:00,S019,J008,L2,car,9,58.41,LOW,fog,28.632182,77.167019,0.06,local,NE,normal
evt_f555d1eff8d04cc6b57d569fc3ec0142,2026-09-26T16:30:08+00:00,S009,J005,L2,car,7,73.48,LOW,clear,28.63221,77.205185,0.05,highway,NW,normal
evt_e39d4900ada4470ea0fa8d9d327e52dd,2026-09-26T16:30:13+00:00,S023,J009,L3,motorcycle,26,30.79,MEDIUM,clear,28.64929,77.221191,0.17,highway,NW,normal
evt_288d44ec2cdd4e52837eb18fa9673577,2026-09-26T16:30:20+00:00,S018,J002,L2,car,64,26.25,HIGH,clear,28.619258,77.174663,0.43,highway,SE,normal
evt_544635a9080140c4adbdc6e8d507f00a,2026-09-26T16:30:28+00:00,S004,J003,L2,motorcycle,21,33.09,MEDIUM,clear,28.608345,77.180107,0.14,local,NE,normal
evt_d05d5823cf4143a1bc90861ee5112ba7,2026-09-26T16:30:33+00:00,S020,J008,L2,motorcycle,8,45.71,LOW,cloudy,28.63215,77.167047,0.05,local,S,normal
evt_54632192cb084fa08bd8bc855c87eb27,2026-09-26T16:30:34+00:00,S029,J008,L2,auto_rickshaw,6,40.45,LOW,clear,28.632315,77.166988,0.04,local,SE,normal
evt_2f11e186a824449496a4277b92f0d1e5,2026-09-26T16:30:40+00:00,S022,J005,L2,car,56,22.18,HIGH,clear,28.632101,77.20505,0.37,highway,E,normal
evt_6ceaa6036a8a468191897ea76ffc88cd,2026-09-26T16:30:46+00:00,S007,J005,L1,motorcycle,30,27.09,MEDIUM,clear,28.632115,77.205206,0.2,highway,N,minor_incident
evt_3036472d1ce54a9cb6b55cb03f148245,2026-09-26T16:30:55+00:00,S003,J001,L2,car,7,48.49,LOW,clear,28.602648,77.246842,0.05,local,W,normal
evt_3da7bc29f44d46409c32d691fac0af42,2026-09-26T16:30:56+00:00,S004,J003,L2,van,1,64.73,LOW,cloudy,28.608345,77.180107,0.01,local,NE,normal
evt_f6e62f08f7124dfaa0505c54272b585b,2026-09-26T16:31:06+00:00,S013,J004,L3,motorcycle,25,33.99,MEDIUM,cloudy,28.66172,77.239744,0.17,arterial,E,normal
evt_8cd6b524a5284381b4c82c7402d40ee4,2026-09-26T16:31:13+00:00,S030,J006,L4,motorcycle,28,33.74,MEDIUM,clear,28.598275,77.191626,0.19,local,NW,normal
evt_1da919616a4c48bcb6982545979c57d1,2026-09-26T16:31:23+00:00,S029,J008,L2,car,18,25.97,MEDIUM,clear,28.632315,77.166988,0.12,local,SE,normal
evt_c760eb1bcdd543b7bf783c61227a5440,2026-09-26T16:31:31+00:00,S019,J008,L2,car,25,40.7,MEDIUM,clear,28.632182,77.167019,0.17,local,NE,normal
evt_2c112a724ce942518742a20bcf49c7c4,2026-09-26T16:31:32+00:00,S004,J003,L2,auto_rickshaw,3,76.71,LOW,clear,28.608345,77.180107,0.02,local,NE,normal
evt_e372cb28d7374b3f8c66080dc6ea1006,2026-09-26T16:31:36+00:00,S006,J006,L4,car,30,32.65,MEDIUM,clear,28.598421,77.191761,0.2,local,NE,normal
evt_5d662bb998524eaea84a105a95f0d481,2026-09-26T16:31:41+00:00,S014,J010,L3,motorcycle,60,27.45,HIGH,clear,28.655334,77.184368,0.4,highway,SW,normal
evt_3f2c32cb673e4946a853e4fc35f4f89f,2026-09-26T16:31:42+00:00,S024,J001,L1,motorcycle,11,45.81,MEDIUM,cloudy,28.602744,77.246835,0.07,local,E,normal
evt_ed3baa3f3b844943b9cf3c8f68402aa8,2026-09-26T16:31:45+00:00,S027,J003,L1,motorcycle,8,54.04,LOW,rain,28.608199,77.18016,0.05,local,E,normal
evt_8b044aed47c444939fc7d5043900d973,2026-09-26T16:31:47+00:00,S018,J002,L2,truck,38,26.25,HIGH,clear,28.619258,77.174663,0.25,highway,SE,normal
evt_2edd04a8a8a347d3b7e6fcaad38ffeae,2026-09-26T16:31:52+00:00,S026,J004,L2,car,87,0.05,SEVERE,rain,28.661812,77.239801,0.58,arterial,W,normal
evt_4d84f340fc504466893242802d3572aa,2026-09-26T16:31:53+00:00,S015,J008,L1,truck,14,33.08,MEDIUM,cloudy,28.632255,77.16715,0.09,local,W,normal
evt_8bd0154dfbbc4d10a87b2994d9454a60,2026-09-26T16:32:01+00:00,S027,J003,L1,van,16,38.8,MEDIUM,clear,28.608199,77.18016,0.11,local,E,normal
evt_cecaa4e57ca54aff95eaf027bbe3cfbe,2026-09-26T16:32:05+00:00,S017,J004,L3,motorcycle,1,67.49,LOW,cloudy,28.661804,77.239639,0.01,arterial,SW,normal
evt_1673a4ab92004f798da0f0c2ef136ed4,2026-09-26T16:32:07+00:00,S027,J003,L1,car,5,37.52,LOW,fog,28.608199,77.18016,0.03,local,E,normal
evt_3432d7937f62424cbd5fd36fe69a8df6,2026-09-26T16:32:17+00:00,S005,J006,L5,motorcycle,23,31.43,MEDIUM,clear,28.59833,77.191644,0.15,local,N,normal
evt_08141ff06e824519b02e79ba87e524e9,2026-09-26T16:32:27+00:00,S006,J006,L4,van,27,40.05,MEDIUM,clear,28.598421,77.191761,0.18,local,NE,normal
evt_5785e3ea264a4ae69adcf937f3d61ff3,2026-09-26T16:32:35+00:00,S030,J006,L4,car,3,69.59,LOW,cloudy,28.598275,77.191626,0.02,local,NW,normal
evt_44c5a4d5fb3245abb407b3ec0867332d,2026-09-26T16:32:41+00:00,S022,J005,L2,car,18,32.83,MEDIUM,clear,28.632101,77.20505,0.12,highway,E,normal
evt_6815b7b975a7435a85dc6f97b4113892,2026-09-26T16:32:43+00:00,S009,J005,L2,motorcycle,29,26.34,MEDIUM,clear,28.63221,77.205185,0.19,highway,NW,normal
evt_873ae59bdb614f9bb0cf697de049cef0,2026-09-26T16:32:51+00:00,S011,J008,L1,motorcycle,66,19.49,HIGH,cloudy,28.632225,77.166992,0.44,local,NE,normal
evt_4ce21846cb47492e8d25db9cc4986cfc,2026-09-26T16:32:57+00:00,S001,J005,L1,car,1,71.06,LOW,clear,28.632102,77.205139,0.01,highway,W,normal
evt_12a10b3ffe084ae1aec0221f5a0f36a9,2026-09-26T16:33:05+00:00,S020,J008,L2,motorcycle,12,32.41,MEDIUM,clear,28.63215,77.167047,0.08,local,S,normal
evt_925019b970e9497c8b1b7da2d9d3b37c,2026-09-26T16:33:12+00:00,S018,J002,L2,car,7,41.98,LOW,clear,28.619258,77.174663,0.05,highway,SE,normal
evt_f6891cca32574fd298c8106237c3a888,2026-09-26T16:33:20+00:00,S013,J004,L3,car,2,52.05,LOW,clear,28.66172,77.239744,0.01,arterial,E,normal
evt_2fad1c926ee641a08d5a765c02f3c4ec,2026-09-26T16:33:22+00:00,S025,J003,L2,auto_rickshaw,29,40.81,MEDIUM,clear,28.608349,77.180087,0.19,local,NE,normal
evt_4ec7904a453642988a406fffa18efb0b,2026-09-26T16:33:26+00:00,S029,J008,L2,motorcycle,59,14.62,HIGH,clear,28.632315,77.166988,0.39,local,SE,normal
evt_746012377f19488eb0847a5304c5439c,2026-09-26T16:33:35+00:00,S019,J008,L2,motorcycle,1,53.31,LOW,clear,28.632182,77.167019,0.01,local,NE,normal
evt_4cbce8c51f9e4c09831c98fc2e7d1261,2026-09-26T16:33:37+00:00,S028,J004,L2,car,59,11.52,HIGH,cloudy,28.661711,77.239779,0.39,arterial,SE,normal
evt_9ec807fc97a84e3e833b46e15e6c9ac7,2026-09-26T16:33:43+00:00,S005,J006,L5,car,16,49.56,MEDIUM,clear,28.59833,77.191644,0.11,local,N,normal
evt_e8d6fe88eb304630a6ac58b4398c33f9,2026-09-26T16:33:49+00:00,S020,J008,L2,motorcycle,7,57.58,LOW,clear,28.63215,77.167047,0.05,local,S,normal
evt_5f0e93ab06604b0daff8a35d6020f160,2026-09-26T16:33:55+00:00,S027,J003,L1,car,7,63.8,LOW,clear,28.608199,77.18016,0.05,local,E,normal
evt_809c49e4b953432aa5eed1ba22bf16ac,2026-09-26T16:34:03+00:00,S024,J001,L1,motorcycle,68,12.65,HIGH,clear,28.602744,77.246835,0.45,local,E,normal
evt_dd70131590c8465aae1e12f2e3d47469,2026-09-26T16:34:09+00:00,S016,J009,L4,car,37,23.27,HIGH,rain,28.649299,77.221181,0.25,highway,N,normal
evt_39a456795267423ca0b6821db01f1266,2026-09-26T16:34:18+00:00,S013,J004,L3,car,58,22.55,HIGH,cloudy,28.66172,77.239744,0.39,arterial,E,normal
evt_4469f1093b2f4a929a5923e3ba0838b0,2026-09-26T16:34:24+00:00,S016,J009,L4,auto_rickshaw,58,10.28,HIGH,rain,28.649299,77.221181,0.39,highway,N,minor_incident
evt_4d1a4988d05f49fba2316a8640f3455a,2026-09-26T16:34:27+00:00,S024,J001,L1,motorcycle,24,29.03,MEDIUM,clear,28.602744,77.246835,0.16,local,E,normal
evt_a10404820e6d45cc9138d5e5e8b8184c,2026-09-26T16:34:34+00:00,S022,J005,L2,motorcycle,9,41.06,LOW,cloudy,28.632101,77.20505,0.06,highway,E,normal
evt_cd652b31792d4bb49f2f83e3c202dd40,2026-09-26T16:34:35+00:00,S020,J008,L2,auto_rickshaw,35,22.34,HIGH,rain,28.63215,77.167047,0.23,local,S,normal
evt_43cf39215b9a44cda265ee330c014ad6,2026-09-26T16:34:42+00:00,S020,J008,L2,car,5,61.04,LOW,clear,28.63215,77.167047,0.03,local,S,normal
evt_27fcc0af668a4fd2b6907bfb50bbb3f8,2026-09-26T16:34:52+00:00,S002,J002,L3,auto_rickshaw,66,8.25,HIGH,rain,28.619324,77.174609,0.44,highway,N,normal
evt_98f7461e00054f36bc80241074c803da,2026-09-26T16:34:54+00:00,S020,J008,L2,motorcycle,36,23.61,HIGH,clear,28.63215,77.167047,0.24,local,S,normal
evt_3e9062254d7447b394761585934d7fb9,2026-09-26T16:34:55+00:00,S022,J005,L2,car,20,27.53,MEDIUM,cloudy,28.632101,77.20505,0.13,highway,E,normal
evt_5d115a6457f54db794a17e474e5460b6,2026-09-26T16:35:02+00:00,S020,J008,L2,car,18,40.23,MEDIUM,cloudy,28.63215,77.167047,0.12,local,S,normal
evt_428ecddccd1c4988a1a13082c02a4494,2026-09-26T16:35:09+00:00,S028,J004,L2,truck,42,17.25,HIGH,rain,28.661711,77.239779,0.28,arterial,SE,normal
evt_438799430ff9477daa5095c1e9626127,2026-09-26T16:35:17+00:00,S019,J008,L2,car,9,57.69,LOW,cloudy,28.632182,77.167019,0.06,local,NE,normal
evt_9cdde701fc554925a9c7290882a7b4dd,2026-09-26T16:35:23+00:00,S026,J004,L2,car,40,10.73,HIGH,rain,28.661812,77.239801,0.27,arterial,W,normal
evt_e5bcffa092da41c3a0d71ce7e00c9495,2026-09-26T16:35:33+00:00,S027,J003,L1,truck,40,9.25,HIGH,rain,28.608199,77.18016,0.27,local,E,normal
evt_4bbb44d3587143dd820a1dc3221cb4f5,2026-09-26T16:35:36+00:00,S001,J005,L1,motorcycle,5,47.0,LOW,cloudy,28.632102,77.205139,0.03,highway,W,normal
evt_e0418dd90e864eca9f394c6ee8b8b963,2026-09-26T16:35:42+00:00,S006,J006,L4,motorcycle,8,52.35,LOW,clear,28.598421,77.191761,0.05,local,NE,normal
evt_fff50dc257eb434f933d50dc955547cf,2026-09-26T16:35:43+00:00,S030,J006,L4,car,104,1.66,SEVERE,rain,28.598275,77.191626,0.69,local,NW,normal
evt_e234f892ca434542a923f27bda6fa422,2026-09-26T16:35:51+00:00,S016,J009,L4,motorcycle,3,45.03,LOW,clear,28.649299,77.221181,0.02,highway,N,normal
evt_b9ce31fb7465459a886b3eb88d2a6456,2026-09-26T16:35:54+00:00,S010,J007,L2,car,30,34.42,MEDIUM,clear,28.654465,77.18509,0.2,arterial,NE,normal
evt_1330fd5e6286419ba9f83b188619c91a,2026-09-26T16:35:55+00:00,S014,J010,L3,auto_rickshaw,3,64.84,LOW,clear,28.655334,77.184368,0.02,highway,SW,normal
evt_29d071919a354f6bb71cd7ba31f741e4,2026-09-26T16:36:01+00:00,S017,J004,L3,car,20,28.27,MEDIUM,cloudy,28.661804,77.239639,0.13,arterial,SW,normal
evt_9d767e1205d0434e8006b90b01b44751,2026-09-26T16:36:06+00:00,S011,J008,L1,auto_rickshaw,15,33.25,MEDIUM,clear,28.632225,77.166992,0.1,local,NE,normal
evt_a7a8cea41d3440ebb45f574e356d8432,2026-09-26T16:36:08+00:00,S026,J004,L2,truck,40,13.51,HIGH,rain,28.661812,77.239801,0.27,arterial,W,normal
evt_5d5d5a75b923463e94eafdc7611d477b,2026-09-26T16:36:13+00:00,S010,J007,L2,car,12,30.55,MEDIUM,cloudy,28.654465,77.18509,0.08,arterial,NE,normal
evt_8ef0ac2f762740359847e5d396f9c512,2026-09-26T16:36:18+00:00,S028,J004,L2,car,3,42.29,LOW,rain,28.661711,77.239779,0.02,arterial,SE,normal
evt_8f9928a60ef3469b868e4c4baca8fc04,2026-09-26T16:36:26+00:00,S009,J005,L2,car,10,46.97,LOW,rain,28.63221,77.205185,0.07,highway,NW,normal
evt_2a12fddcc74b47a69ab0fb1a1363a61c,2026-09-26T16:36:28+00:00,S011,J008,L1,car,16,36.85,MEDIUM,clear,28.632225,77.166992,0.11,local,NE,normal
evt_0a23cb77d6a14939b7e51de4fbc8d8d8,2026-09-26T16:36:29+00:00,S020,J008,L2,bus,3,46.4,LOW,clear,28.63215,77.167047,0.02,local,S,normal
evt_44b150c547d1443ea470be5891982ced,2026-09-26T16:36:34+00:00,S021,J007,L2,car,30,42.43,MEDIUM,clear,28.654318,77.185082,0.2,arterial,S,normal
evt_f50ad1707cfb4e20bcc09fb513964ca0,2026-09-26T16:36:35+00:00,S024,J001,L1,car,9,79.88,LOW,clear,28.602744,77.246835,0.06,local,E,normal
evt_260dd639acbd4ac794b3f3d693e4081c,2026-09-26T16:36:40+00:00,S024,J001,L1,motorcycle,11,37.13,MEDIUM,clear,28.602744,77.246835,0.07,local,E,normal
evt_dd6604bf394e4d3eabbd3f80327bc9de,2026-09-26T16:36:48+00:00,S013,J004,L3,motorcycle,66,19.47,HIGH,clear,28.66172,77.239744,0.44,arterial,E,normal
evt_72e7192d23b94e098070871325159612,2026-09-26T16:36:58+00:00,S018,J002,L2,truck,53,26.97,HIGH,clear,28.619258,77.174663,0.35,highway,SE,normal
evt_02ba2fa3eb3d43c38dc70b31bc5e9490,2026-09-26T16:37:03+00:00,S007,J005,L1,truck,5,31.72,LOW,fog,28.632115,77.205206,0.03,highway,N,normal
evt_e6edad50d7e84ee5ba77d753d190f214,2026-09-26T16:37:09+00:00,S007,J005,L1,car,24,46.08,MEDIUM,cloudy,28.632115,77.205206,0.16,highway,N,normal
evt_e342c9d961184b16badf6b4692fe7000,2026-09-26T16:37:13+00:00,S004,J003,L2,car,19,25.96,MEDIUM,cloudy,28.608345,77.180107,0.13,local,NE,normal
evt_7cceffc2a5f646888fbf00fdcec817a0,2026-09-26T16:37:16+00:00,S006,J006,L4,motorcycle,58,15.99,HIGH,clear,28.598421,77.191761,0.39,local,NE,normal
evt_420647f790494f13b41c336c025f0752,2026-09-26T16:37:17+00:00,S026,J004,L2,motorcycle,129,5.8,SEVERE,clear,28.661812,77.239801,0.86,arterial,W,major_incident
evt_799b658836904878908c3395907f2724,2026-09-26T16:37:26+00:00,S017,J004,L3,van,10,69.29,LOW,clear,28.661804,77.239639,0.07,arterial,SW,normal
evt_23970190947b406481232a509a1a20ea,2026-09-26T16:37:29+00:00,S009,J005,L2,car,40,22.23,HIGH,rain,28.63221,77.205185,0.27,highway,NW,normal
evt_0294806828694236a532aeb6bae5075f,2026-09-26T16:37:33+00:00,S016,J009,L4,auto_rickshaw,25,31.54,MEDIUM,clear,28.649299,77.221181,0.17,highway,N,normal
evt_5b9fbc389ada4011b28742592464d154,2026-09-26T16:37:36+00:00,S018,J002,L2,car,12,29.58,MEDIUM,clear,28.619258,77.174663,0.08,highway,SE,normal
evt_5d4d7992567f4e55a9a22c0f7dd46118,2026-09-26T16:37:44+00:00,S016,J009,L4,car,14,33.28,MEDIUM,clear,28.649299,77.221181,0.09,highway,N,normal
evt_3a6346e902d74adabb16a070145cbacf,2026-09-26T16:37:54+00:00,S029,J008,L2,car,9,44.49,LOW,fog,28.632315,77.166988,0.06,local,SE,normal
evt_6838ddc5de534a2dae4dc6e73dbc6ad8,2026-09-26T16:38:03+00:00,S016,J009,L4,car,14,40.34,MEDIUM,clear,28.649299,77.221181,0.09,highway,N,normal
evt_0a6d391b4bb642a39ccf16b32cb26d10,2026-09-26T16:38:11+00:00,S030,J006,L4,car,29,33.69,MEDIUM,clear,28.598275,77.191626,0.19,local,NW,normal
evt_48e98b0a8bdb4a5dbd9860b98a38068d,2026-09-26T16:38:18+00:00,S025,J003,L2,car,38,26.8,HIGH,clear,28.608349,77.180087,0.25,local,NE,normal
evt_99425cb4ea35485f9c5eb909dbf4012b,2026-09-26T16:38:20+00:00,S002,J002,L3,car,2,70.74,LOW,clear,28.619324,77.174609,0.01,highway,N,normal
evt_02764e094e6d4967968e76a494b78c95,2026-09-26T16:38:30+00:00,S016,J009,L4,car,32,24.41,HIGH,cloudy,28.649299,77.221181,0.21,highway,N,normal
evt_0e82721ee8dd49909e3cd371c9ceac59,2026-09-26T16:38:32+00:00,S007,J005,L1,car,2,61.45,LOW,clear,28.632115,77.205206,0.01,highway,N,normal
evt_25a1f4fec41744e1a66fcd536af6e167,2026-09-26T16:38:42+00:00,S013,J004,L3,car,66,26.08,HIGH,clear,28.66172,77.239744,0.44,arterial,E,normal
evt_6a2416c217484222aede8b645d1ffe45,2026-09-26T16:38:50+00:00,S023,J009,L3,car,10,36.16,LOW,rain,28.64929,77.221191,0.07,highway,NW,normal
evt_141b7292e57946eeb31c9ace792a1260,2026-09-26T16:38:55+00:00,S001,J005,L1,car,36,19.66,HIGH,clear,28.632102,77.205139,0.24,highway,W,normal
evt_4114efc1cdf24e039fea71f3299b99c8,2026-09-26T16:38:59+00:00,S004,J003,L2,car,8,48.21,LOW,rain,28.608345,77.180107,0.05,local,NE,normal
evt_e1dc93ecb26b4b54b4d151194615039b,2026-09-26T16:39:01+00:00,S005,J006,L5,car,47,15.06,HIGH,clear,28.59833,77.191644,0.31,local,N,normal
evt_7d11eace61054c6da88f1bb498458272,2026-09-26T16:39:02+00:00,S019,J008,L2,car,25,48.9,MEDIUM,clear,28.632182,77.167019,0.17,local,NE,normal
evt_4a0ec5923dd2400694e07ec0e9f49e25,2026-09-26T16:39:04+00:00,S021,J007,L2,truck,129,13.36,SEVERE,clear,28.654318,77.185082,0.86,arterial,S,major_incident
evt_91dd43d6a00540329b13d33c2b2ba165,2026-09-26T16:39:10+00:00,S014,J010,L3,car,21,35.98,MEDIUM,clear,28.655334,77.184368,0.14,highway,SW,normal
evt_f7dec221ea74463c9506773cd2a49d50,2026-09-26T16:39:20+00:00,S017,J004,L3,car,30,40.97,MEDIUM,cloudy,28.661804,77.239639,0.2,arterial,SW,minor_incident
evt_dbb652c9ba6146e990356acd059dc598,2026-09-26T16:39:27+00:00,S002,J002,L3,car,2,64.16,LOW,clear,28.619324,77.174609,0.01,highway,N,normal
evt_b60d8e4565b34e69bca7df93ab1ce0da,2026-09-26T16:39:35+00:00,S010,J007,L2,motorcycle,26,39.94,MEDIUM,cloudy,28.654465,77.18509,0.17,arterial,NE,normal
evt_f9386d36514c43f1a8032a1305ba84d6,2026-09-26T16:39:37+00:00,S008,J006,L6,auto_rickshaw,1,40.61,LOW,clear,28.598311,77.191609,0.01,local,E,normal
evt_17c7e37915e64166af1988339caa37bd,2026-09-26T16:39:40+00:00,S023,J009,L3,motorcycle,48,20.37,HIGH,rain,28.64929,77.221191,0.32,highway,NW,normal
evt_6b41f6ec3bc04117854926f6a2fd629d,2026-09-26T16:39:48+00:00,S029,J008,L2,car,12,38.52,MEDIUM,clear,28.632315,77.166988,0.08,local,SE,normal
evt_e3464f2ec5bc44adb5112a8378731464,2026-09-26T16:39:56+00:00,S026,J004,L2,bus,10,53.39,LOW,clear,28.661812,77.239801,0.07,arterial,W,normal
evt_1d7e17c868214d74870b947cdfbe5d5f,2026-09-26T16:40:05+00:00,S015,J008,L1,motorcycle,60,17.13,HIGH,clear,28.632255,77.16715,0.4,local,W,normal
evt_0f434d44d5274134be1a732b327fa3f0,2026-09-26T16:40:14+00:00,S027,J003,L1,car,30,48.63,MEDIUM,clear,28.608199,77.18016,0.2,local,E,normal
evt_1f8ad85d62304838a8b92222a9d78be6,2026-09-26T16:40:21+00:00,S018,J002,L2,motorcycle,39,23.8,HIGH,clear,28.619258,77.174663,0.26,highway,SE,normal
evt_a6b4bd4d8175461898933a4f8801e6f0,2026-09-26T16:40:25+00:00,S023,J009,L3,car,1,49.63,LOW,clear,28.64929,77.221191,0.01,highway,NW,normal
evt_2fa81d4aae394d0ca07def39169264c8,2026-09-26T16:40:28+00:00,S003,J001,L2,car,1,57.2,LOW,fog,28.602648,77.246842,0.01,local,W,normal
evt_626fdee8aa9542f79f4dff7a30ec95b4,2026-09-26T16:40:38+00:00,S012,J006,L3,car,1,43.62,LOW,rain,28.598354,77.191618,0.01,local,NW,normal
evt_46aa2744392b4e039475e773ed8c2f63,2026-09-26T16:40:45+00:00,S001,J005,L1,car,69,29.1,HIGH,clear,28.632102,77.205139,0.46,highway,W,normal
evt_dbaf33f95b6947839c7a16e8c9ad5101,2026-09-26T16:40:55+00:00,S023,J009,L3,motorcycle,25,46.78,MEDIUM,clear,28.64929,77.221191,0.17,highway,NW,minor_incident
evt_e64bae520b2f4ccca21854045799a99a,2026-09-26T16:41:05+00:00,S011,J008,L1,car,34,22.94,HIGH,rain,28.632225,77.166992,0.23,local,NE,normal
evt_2025a83fc8074a1db34fd661bca48234,2026-09-26T16:41:14+00:00,S002,J002,L3,car,27,41.26,MEDIUM,clear,28.619324,77.174609,0.18,highway,N,normal
evt_f9d58e6d534f4f48af5b6470fb847051,2026-09-26T16:41:20+00:00,S018,J002,L2,motorcycle,10,61.15,LOW,cloudy,28.619258,77.174663,0.07,highway,SE,normal
evt_1a23eac4ea324cd8a739ebcd84d16a6d,2026-09-26T16:41:23+00:00,S015,J008,L1,motorcycle,7,58.18,LOW,cloudy,28.632255,77.16715,0.05,local,W,normal
evt_0b4afe6ab6d14eaa8282976796ff3af3,2026-09-26T16:41:33+00:00,S017,J004,L3,motorcycle,17,29.3,MEDIUM,cloudy,28.661804,77.239639,0.11,arterial,SW,normal
evt_e6d0f786cf784283ab5d14548b30900f,2026-09-26T16:41:37+00:00,S025,J003,L2,car,2,62.01,LOW,clear,28.608349,77.180087,0.01,local,NE,normal
evt_0a20203354624b0ea6be61cc0356e5a7,2026-09-26T16:41:40+00:00,S016,J009,L4,car,24,26.5,MEDIUM,cloudy,28.649299,77.221181,0.16,highway,N,minor_incident
evt_5010f4f9fbc545a982b14db2a96e196b,2026-09-26T16:41:48+00:00,S006,J006,L4,car,64,16.74,HIGH,clear,28.598421,77.191761,0.43,local,NE,minor_incident
evt_af98e6d3766b4945b08b932e7b8286cf,2026-09-26T16:41:51+00:00,S017,J004,L3,car,20,48.03,MEDIUM,clear,28.661804,77.239639,0.13,arterial,SW,normal
evt_0631f8f3ffd5463cafce4838aaf04f46,2026-09-26T16:41:58+00:00,S007,J005,L1,auto_rickshaw,51,20.07,HIGH,fog,28.632115,77.205206,0.34,highway,N,normal
evt_48c0458a9691452e8e5bafd3ca331aa5,2026-09-26T16:42:04+00:00,S029,J008,L2,car,16,35.04,MEDIUM,clear,28.632315,77.166988,0.11,local,SE,minor_incident
evt_f48747887e5241f488778d456af321bc,2026-09-26T16:42:12+00:00,S010,J007,L2,car,30,37.88,MEDIUM,clear,28.654465,77.18509,0.2,arterial,NE,normal
evt_6883ad6f8ba442cba116413e16ea2c2d,2026-09-26T16:42:20+00:00,S006,J006,L4,auto_rickshaw,51,11.1,HIGH,rain,28.598421,77.191761,0.34,local,NE,normal
evt_53b96693c28b485ba5c98f0d8fc5edfc,2026-09-26T16:42:21+00:00,S009,J005,L2,car,2,42.83,LOW,clear,28.63221,77.205185,0.01,highway,NW,normal
evt_fc0fb3774ca54e31bd1beb0d92bca327,2026-09-26T16:42:24+00:00,S013,J004,L3,auto_rickshaw,1,46.48,LOW,clear,28.66172,77.239744,0.01,arterial,E,normal
evt_fb9f88e7dbfc47868ddc6a5d591e9e82,2026-09-26T16:42:32+00:00,S008,J006,L6,auto_rickshaw,8,42.38,LOW,clear,28.598311,77.191609,0.05,local,E,normal
evt_f01d97ae37f544e2afb1cab47d1319b7,2026-09-26T16:42:35+00:00,S012,J006,L3,motorcycle,17,25.07,MEDIUM,clear,28.598354,77.191618,0.11,local,NW,normal
evt_82a3bfd37b5c45b8ad0378f5bae0265e,2026-09-26T16:42:43+00:00,S030,J006,L4,auto_rickshaw,113,5.12,SEVERE,fog,28.598275,77.191626,0.75,local,NW,minor_incident
evt_89fad29c34c04d848a5da803ac64518d,2026-09-26T16:42:52+00:00,S011,J008,L1,motorcycle,19,43.44,MEDIUM,cloudy,28.632225,77.166992,0.13,local,NE,normal
evt_ab726c7e86364dc7975c34cc60600560,2026-09-26T16:42:58+00:00,S020,J008,L2,car,91,11.74,SEVERE,rain,28.63215,77.167047,0.61,local,S,normal
evt_6f3067a67ae84f0aa14ddfc85dce0324,2026-09-26T16:43:06+00:00,S024,J001,L1,van,9,46.36,LOW,cloudy,28.602744,77.246835,0.06,local,E,normal
evt_61cac73ae67340c58da043985de2438b,2026-09-26T16:43:07+00:00,S009,J005,L2,car,2,61.56,LOW,clear,28.63221,77.205185,0.01,highway,NW,normal
evt_ce090835b7494dadb29d1f91ae18b2b4,2026-09-26T16:43:14+00:00,S010,J007,L2,auto_rickshaw,45,25.98,HIGH,cloudy,28.654465,77.18509,0.3,arterial,NE,normal
evt_871942180838411581867d0f90754fe1,2026-09-26T16:43:23+00:00,S014,J010,L3,car,4,47.6,LOW,clear,28.655334,77.184368,0.03,highway,SW,normal
evt_7f7ee9d2945d4c3d919f2e5b46367518,2026-09-26T16:43:29+00:00,S003,J001,L2,car,12,43.23,MEDIUM,clear,28.602648,77.246842,0.08,local,W,normal
evt_fd792dae8eba427887eabd5eefe1071f,2026-09-26T16:43:31+00:00,S026,J004,L2,car,4,57.17,LOW,clear,28.661812,77.239801,0.03,arterial,W,normal
evt_139d95d22e234384af7fc3143b41793f,2026-09-26T16:43:33+00:00,S004,J003,L2,car,30,47.84,MEDIUM,cloudy,28.608345,77.180107,0.2,local,NE,normal
evt_87975092550842d99282d9fed753a8bd,2026-09-26T16:43:43+00:00,S025,J003,L2,car,17,26.34,MEDIUM,cloudy,28.608349,77.180087,0.11,local,NE,normal
evt_99b38cfb20e641158ee1f65bdb1b2ceb,2026-09-26T16:43:52+00:00,S026,J004,L2,motorcycle,30,48.98,MEDIUM,clear,28.661812,77.239801,0.2,arterial,W,normal
evt_6c31f8568f9d4a99848ad3c47ef5942c,2026-09-26T16:43:57+00:00,S023,J009,L3,car,2,61.41,LOW,clear,28.64929,77.221191,0.01,highway,NW,normal
evt_6d4f49b828de46b1a52669fd2fae82c4,2026-09-26T16:44:03+00:00,S016,J009,L4,motorcycle,106,11.66,SEVERE,rain,28.649299,77.221181,0.71,highway,N,normal
evt_43ccbd6c0891474aae98eb945397f081,2026-09-26T16:44:10+00:00,S011,J008,L1,car,47,23.32,HIGH,clear,28.632225,77.166992,0.31,local,NE,normal
evt_8953346eb508483dbe2add502e6b95d0,2026-09-26T16:44:12+00:00,S008,J006,L6,bus,10,48.45,LOW,clear,28.598311,77.191609,0.07,local,E,normal
evt_d964466fd0ee40b9a2c5b09a241d3879,2026-09-26T16:44:21+00:00,S016,J009,L4,motorcycle,29,35.12,MEDIUM,clear,28.649299,77.221181,0.19,highway,N,normal
evt_f72e63df8963416cb46075830c8ba781,2026-09-26T16:44:22+00:00,S003,J001,L2,car,35,8.15,HIGH,rain,28.602648,77.246842,0.23,local,W,normal
evt_413d856467394253b6310f01a28c0c74,2026-09-26T16:44:32+00:00,S010,J007,L2,car,43,11.45,HIGH,rain,28.654465,77.18509,0.29,arterial,NE,minor_incident
evt_7299aa9c0bcb4c278d0c9001f54fe3ff,2026-09-26T16:44:39+00:00,S020,J008,L2,bus,51,22.06,HIGH,clear,28.63215,77.167047,0.34,local,S,normal
evt_b62d4a3dc10b4d429be128ffdbcf4a10,2026-09-26T16:44:44+00:00,S029,J008,L2,car,12,43.7,MEDIUM,clear,28.632315,77.166988,0.08,local,SE,normal
evt_02b804c48e1e47daadca46b3416d4dfe,2026-09-26T16:44:50+00:00,S003,J001,L2,motorcycle,44,12.07,HIGH,rain,28.602648,77.246842,0.29,local,W,normal
evt_a8d5f3833bf34ad484ddf966a6f14d34,2026-09-26T16:44:52+00:00,S001,J005,L1,motorcycle,11,40.82,MEDIUM,cloudy,28.632102,77.205139,0.07,highway,W,normal
evt_04b5a68013d443bc9892b6c27c05b1ec,2026-09-26T16:44:57+00:00,S012,J006,L3,motorcycle,64,13.26,HIGH,rain,28.598354,77.191618,0.43,local,NW,normal
evt_76d3d0f876d444b0a0c3755ad603c892,2026-09-26T16:44:59+00:00,S009,J005,L2,truck,10,78.48,LOW,clear,28.63221,77.205185,0.07,highway,NW,normal
evt_1e4fc16ef75e4d1ca4b30157228ecbd9,2026-09-26T16:45:04+00:00,S012,J006,L3,car,53,20.64,HIGH,fog,28.598354,77.191618,0.35,local,NW,normal
evt_20d29d58c8a245b8a0758024a81f3501,2026-09-26T16:45:05+00:00,S004,J003,L2,motorcycle,24,46.94,MEDIUM,cloudy,28.608345,77.180107,0.16,local,NE,normal
evt_40874a31c02347458cddd988435cabab,2026-09-26T16:45:07+00:00,S014,J010,L3,auto_rickshaw,5,78.94,LOW,clear,28.655334,77.184368,0.03,highway,SW,normal
evt_55a14afec07844a288079cbdc664d4fc,2026-09-26T16:45:11+00:00,S001,J005,L1,car,22,29.29,MEDIUM,clear,28.632102,77.205139,0.15,highway,W,normal
evt_f60e0fd1dff54d269e3ed1b054fdf577,2026-09-26T16:45:16+00:00,S029,J008,L2,van,61,11.99,HIGH,rain,28.632315,77.166988,0.41,local,SE,normal
evt_0a38805d60ac41b4940a4505f265565b,2026-09-26T16:45:24+00:00,S027,J003,L1,auto_rickshaw,37,20.96,HIGH,clear,28.608199,77.18016,0.25,local,E,normal
evt_efcb28cac31b4a16a53aeb6940f06d31,2026-09-26T16:45:28+00:00,S022,J005,L2,motorcycle,68,17.03,HIGH,fog,28.632101,77.20505,0.45,highway,E,normal
evt_a9e12026c57b444889630d08b513fd22,2026-09-26T16:45:34+00:00,S017,J004,L3,motorcycle,91,5.22,SEVERE,rain,28.661804,77.239639,0.61,arterial,SW,normal
evt_8c1a857d34354703af9247ee48ef0c10,2026-09-26T16:45:38+00:00,S023,J009,L3,car,1,77.7,LOW,clear,28.64929,77.221191,0.01,highway,NW,normal
evt_3fea4da7e4b74e0496f6950912ed21f8,2026-09-26T16:45:44+00:00,S011,J008,L1,motorcycle,61,16.69,HIGH,cloudy,28.632225,77.166992,0.41,local,NE,normal
evt_49744c7d1546411dacc2185c5af994f0,2026-09-26T16:45:54+00:00,S029,J008,L2,car,27,31.52,MEDIUM,clear,28.632315,77.166988,0.18,local,SE,normal
evt_6fa3085039904cc7881c647334b070fe,2026-09-26T16:45:56+00:00,S024,J001,L1,car,45,15.7,HIGH,clear,28.602744,77.246835,0.3,local,E,normal
evt_f3e3c07054c74a48aefe916eee3b1d4a,2026-09-26T16:45:59+00:00,S004,J003,L2,van,66,21.35,HIGH,rain,28.608345,77.180107,0.44,local,NE,normal
evt_a407c621cfa54a589cb8ab93f9751219,2026-09-26T16:46:01+00:00,S012,J006,L3,car,50,13.99,HIGH,fog,28.598354,77.191618,0.33,local,NW,normal
evt_fd244a09ecce4ee7b50eba0b606c94ee,2026-09-26T16:46:07+00:00,S011,J008,L1,truck,52,9.16,HIGH,rain,28.632225,77.166992,0.35,local,NE,normal
evt_1bc680145c8a4af09dabd8f663812c01,2026-09-26T16:46:13+00:00,S028,J004,L2,car,20,37.86,MEDIUM,clear,28.661711,77.239779,0.13,arterial,SE,normal
evt_753a8f055c5848a68b1d4616f22bbe28,2026-09-26T16:46:23+00:00,S005,J006,L5,car,3,74.22,LOW,clear,28.59833,77.191644,0.02,local,N,normal
evt_c853fccf4fb04eaba184b97697a11d06,2026-09-26T16:46:26+00:00,S017,J004,L3,car,18,49.68,MEDIUM,clear,28.661804,77.239639,0.12,arterial,SW,normal
evt_aef48f2dfac141f38bc44c2e2cabd3cd,2026-09-26T16:46:31+00:00,S018,J002,L2,motorcycle,20,40.73,MEDIUM,clear,28.619258,77.174663,0.13,highway,SE,normal
evt_77c7b5b98d13484ebb260178826a8b9b,2026-09-26T16:46:36+00:00,S030,J006,L4,bus,15,40.47,MEDIUM,cloudy,28.598275,77.191626,0.1,local,NW,normal
evt_4839a6e5e8af4b82a88560a6825fe46e,2026-09-26T16:46:40+00:00,S015,J008,L1,motorcycle,11,32.19,MEDIUM,clear,28.632255,77.16715,0.07,local,W,normal
evt_534bb5139b3f4276aa90b22089d36066,2026-09-26T16:46:42+00:00,S005,J006,L5,auto_rickshaw,5,74.08,LOW,clear,28.59833,77.191644,0.03,local,N,normal
evt_ad57f71d3e1f4458aff94c08079c39b2,2026-09-26T16:46:45+00:00,S025,J003,L2,car,19,40.47,MEDIUM,clear,28.608349,77.180087,0.13,local,NE,normal
evt_e49bf0a0bc414bfea2d1a3455f70bffe,2026-09-26T16:46:52+00:00,S022,J005,L2,van,111,4.83,SEVERE,fog,28.632101,77.20505,0.74,highway,E,normal
evt_047a8a31cc7c48769ddb84c5ed116b2c,2026-09-26T16:46:53+00:00,S017,J004,L3,car,5,54.64,LOW,clear,28.661804,77.239639,0.03,arterial,SW,normal
evt_f9f4716efbf9477fa0a7f5630a6361a8,2026-09-26T16:47:03+00:00,S022,J005,L2,motorcycle,27,42.82,MEDIUM,clear,28.632101,77.20505,0.18,highway,E,normal
evt_6cd748d9ebcf40d2be64a9e56aedf24d,2026-09-26T16:47:07+00:00,S004,J003,L2,car,47,21.34,HIGH,rain,28.608345,77.180107,0.31,local,NE,normal
evt_cd505d73632240cfa43707c7d036484a,2026-09-26T16:47:17+00:00,S027,J003,L1,motorcycle,48,16.77,HIGH,clear,28.608199,77.18016,0.32,local,E,normal
evt_41eefab676a14897ac014791852c27e4,2026-09-26T16:47:23+00:00,S005,J006,L5,auto_rickshaw,61,14.84,HIGH,clear,28.59833,77.191644,0.41,local,N,normal
evt_5bb2b7affee44117918e9aaaffcb854a,2026-09-26T16:47:33+00:00,S011,J008,L1,car,29,25.87,MEDIUM,clear,28.632225,77.166992,0.19,local,NE,normal
evt_cef143e89d2b4615aa2b22843d52e82e,2026-09-26T16:47:43+00:00,S020,J008,L2,car,59,16.7,HIGH,clear,28.63215,77.167047,0.39,local,S,normal
evt_f27b9f8bc3194135a9c77dda5ae82b78,2026-09-26T16:47:49+00:00,S021,J007,L2,car,2,56.04,LOW,clear,28.654318,77.185082,0.01,arterial,S,normal
evt_609669ba9ce84695beb61dc4c50319f7,2026-09-26T16:47:52+00:00,S023,J009,L3,auto_rickshaw,9,51.89,LOW,clear,28.64929,77.221191,0.06,highway,NW,normal
evt_21cb3598af8648e0a3c038487e8c47c5,2026-09-26T16:48:02+00:00,S024,J001,L1,truck,8,36.75,LOW,rain,28.602744,77.246835,0.05,local,E,normal
evt_32587601f97b4900934643969a52c027,2026-09-26T16:48:11+00:00,S003,J001,L2,bus,19,41.39,MEDIUM,clear,28.602648,77.246842,0.13,local,W,normal
evt_a8ba118f076e4a0f8a976e6cdef31b47,2026-09-26T16:48:21+00:00,S005,J006,L5,motorcycle,28,47.22,MEDIUM,cloudy,28.59833,77.191644,0.19,local,N,normal
evt_0f5dc489b985445b8e6b08b6bf25ccce,2026-09-26T16:48:28+00:00,S016,J009,L4,auto_rickshaw,14,38.62,MEDIUM,clear,28.649299,77.221181,0.09,highway,N,normal
evt_59ffc5a0bfe5460f9d5ae5fcc4cba458,2026-09-26T16:48:31+00:00,S006,J006,L4,car,16,41.23,MEDIUM,clear,28.598421,77.191761,0.11,local,NE,normal
evt_c4ea46b724094ea5a06e4b138b312de2,2026-09-26T16:48:36+00:00,S030,J006,L4,car,1,51.36,LOW,clear,28.598275,77.191626,0.01,local,NW,normal
evt_034702efd9c04aa498158056b305ac21,2026-09-26T16:48:40+00:00,S004,J003,L2,car,129,5.34,SEVERE,rain,28.608345,77.180107,0.86,local,NE,normal
evt_c03c15c080a2421aae6b92329d8c2f72,2026-09-26T16:48:45+00:00,S004,J003,L2,van,6,60.38,LOW,clear,28.608345,77.180107,0.04,local,NE,normal
evt_ccca5d17b399440c81a8e5ef3eee480c,2026-09-26T16:48:47+00:00,S013,J004,L3,car,51,29.21,HIGH,cloudy,28.66172,77.239744,0.34,arterial,E,normal
evt_0761b83981124e39b1fa20c98f6b54cd,2026-09-26T16:48:51+00:00,S020,J008,L2,car,4,47.67,LOW,rain,28.63215,77.167047,0.03,local,S,normal
evt_c8c87173d15a4c1f8276d58eb9ff450b,2026-09-26T16:48:52+00:00,S010,J007,L2,car,43,13.52,HIGH,fog,28.654465,77.18509,0.29,arterial,NE,normal
evt_88e9483171994d0aa6b2646ced7f9221,2026-09-26T16:48:53+00:00,S004,J003,L2,motorcycle,19,39.37,MEDIUM,clear,28.608345,77.180107,0.13,local,NE,normal
evt_c9bb31c41d2b4443884332256b0d039f,2026-09-26T16:48:58+00:00,S018,J002,L2,motorcycle,34,14.57,HIGH,rain,28.619258,77.174663,0.23,highway,SE,normal
evt_182595cdf57e4c17a62255691678da47,2026-09-26T16:49:01+00:00,S025,J003,L2,car,13,33.66,MEDIUM,clear,28.608349,77.180087,0.09,local,NE,normal
evt_e1d515cc70c640db920acc9cc38b8d23,2026-09-26T16:49:09+00:00,S028,J004,L2,car,24,35.05,MEDIUM,cloudy,28.661711,77.239779,0.16,arterial,SE,normal
evt_7105db7905f5471ebcfec846401ef071,2026-09-26T16:49:13+00:00,S023,J009,L3,car,27,47.25,MEDIUM,clear,28.64929,77.221191,0.18,highway,NW,normal
evt_c9f52853c0204e0c8a74d093c1476482,2026-09-26T16:49:14+00:00,S012,J006,L3,truck,9,67.63,LOW,clear,28.598354,77.191618,0.06,local,NW,normal
evt_2fb855f6235b41b9893bf1543a376b0e,2026-09-26T16:49:16+00:00,S021,J007,L2,car,7,70.18,LOW,cloudy,28.654318,77.185082,0.05,arterial,S,normal
evt_39e4db9042164a94bbc1a804b6935c9e,2026-09-26T16:49:25+00:00,S004,J003,L2,truck,15,28.42,MEDIUM,clear,28.608345,77.180107,0.1,local,NE,normal
evt_266bfd4cb3f34833bcba49033eb2fd32,2026-09-26T16:49:26+00:00,S016,J009,L4,truck,66,18.35,HIGH,fog,28.649299,77.221181,0.44,highway,N,normal
evt_697e43e03cdf4186b1e95f40fb1b4baf,2026-09-26T16:49:27+00:00,S029,J008,L2,car,30,37.49,MEDIUM,cloudy,28.632315,77.166988,0.2,local,SE,normal
evt_4429045f9bc74f3b99598e13680e8315,2026-09-26T16:49:33+00:00,S001,J005,L1,car,66,13.1,HIGH,cloudy,28.632102,77.205139,0.44,highway,W,normal
evt_3cbd047443784085ba7036e52bd57528,2026-09-26T16:49:40+00:00,S023,J009,L3,truck,31,23.6,HIGH,cloudy,28.64929,77.221191,0.21,highway,NW,normal
evt_06d57598959c42d9a89d41d1b3273e5f,2026-09-26T16:49:44+00:00,S005,J006,L5,car,60,22.58,HIGH,clear,28.59833,77.191644,0.4,local,N,normal
evt_b2380b7a68a2462980d7b381482fa204,2026-09-26T16:49:48+00:00,S026,J004,L2,auto_rickshaw,70,13.71,HIGH,rain,28.661812,77.239801,0.47,arterial,W,normal
evt_95adadf95c044b65999eb446cd571809,2026-09-26T16:49:56+00:00,S027,J003,L1,car,60,29.57,HIGH,cloudy,28.608199,77.18016,0.4,local,E,normal
evt_2e3edc8bc4024410a60142b49bc93922,2026-09-26T16:50:03+00:00,S018,J002,L2,car,65,18.38,HIGH,clear,28.619258,77.174663,0.43,highway,SE,normal
evt_aea9e0de78b043b4aa9a7a8112fe9952,2026-09-26T16:50:08+00:00,S012,J006,L3,car,24,25.29,MEDIUM,clear,28.598354,77.191618,0.16,local,NW,normal
evt_c19ef2428b2f48a79b408cd2b6777dba,2026-09-26T16:50:11+00:00,S002,J002,L3,car,62,19.34,HIGH,fog,28.619324,77.174609,0.41,highway,N,normal
evt_480cd42871794e73a356e6c58b025f8c,2026-09-26T16:50:18+00:00,S005,J006,L5,motorcycle,39,19.2,HIGH,rain,28.59833,77.191644,0.26,local,N,minor_incident
evt_ad8684fdde194762ab1ee48bc20b1639,2026-09-26T16:50:24+00:00,S030,J006,L4,motorcycle,18,26.73,MEDIUM,cloudy,28.598275,77.191626,0.12,local,NW,normal
evt_a867649e694b4298a8d067846a3bf6c6,2026-09-26T16:50:25+00:00,S027,J003,L1,car,17,48.32,MEDIUM,clear,28.608199,77.18016,0.11,local,E,normal
evt_43093c276fa043778d1b989e8caefc6d,2026-09-26T16:50:35+00:00,S005,J006,L5,car,7,77.46,LOW,cloudy,28.59833,77.191644,0.05,local,N,normal
evt_a2befee3016f48e2bb1c64f4ecdb7d2a,2026-09-26T16:50:36+00:00,S015,J008,L1,motorcycle,18,33.1,MEDIUM,clear,28.632255,77.16715,0.12,local,W,normal
evt_54870b6555b849d185e7f924e89559ed,2026-09-26T16:50:37+00:00,S026,J004,L2,motorcycle,43,15.69,HIGH,rain,28.661812,77.239801,0.29,arterial,W,normal
evt_0b7e7b3a546c4379a244e15910113193,2026-09-26T16:50:47+00:00,S026,J004,L2,motorcycle,2,49.5,LOW,fog,28.661812,77.239801,0.01,arterial,W,normal
evt_4cbdce73143c4342805b1ac41d424bc5,2026-09-26T16:50:50+00:00,S024,J001,L1,truck,150,1.96,SEVERE,rain,28.602744,77.246835,1.0,local,E,normal
evt_a51c7019242042c98f723e4fad6c20e3,2026-09-26T16:50:58+00:00,S019,J008,L2,car,122,8.05,SEVERE,rain,28.632182,77.167019,0.81,local,NE,normal
evt_3e962f0fab7c49ac897c776861b0eea0,2026-09-26T16:51:07+00:00,S016,J009,L4,car,16,34.97,MEDIUM,clear,28.649299,77.221181,0.11,highway,N,minor_incident
evt_f0e0f61b4614401ead9ce3fa6b2dd4e3,2026-09-26T16:51:12+00:00,S027,J003,L1,car,30,45.74,MEDIUM,clear,28.608199,77.18016,0.2,local,E,normal
evt_92986496daf843dcb98bf20f428b569b,2026-09-26T16:51:15+00:00,S012,J006,L3,motorcycle,28,33.01,MEDIUM,clear,28.598354,77.191618,0.19,local,NW,normal
evt_9292bea09aaf4ee298a29901c329ae05,2026-09-26T16:51:18+00:00,S015,J008,L1,motorcycle,20,36.57,MEDIUM,clear,28.632255,77.16715,0.13,local,W,normal
evt_4b98261b913a41e79eab7309c43760ee,2026-09-26T16:51:20+00:00,S009,J005,L2,motorcycle,63,12.92,HIGH,rain,28.63221,77.205185,0.42,highway,NW,normal
evt_bd852772494d41cb86ecd934d34f8535,2026-09-26T16:51:27+00:00,S017,J004,L3,auto_rickshaw,135,6.59,SEVERE,rain,28.661804,77.239639,0.9,arterial,SW,normal
evt_694ae5de47a240b88731f199c1b11ab9,2026-09-26T16:51:32+00:00,S017,J004,L3,car,10,48.54,LOW,clear,28.661804,77.239639,0.07,arterial,SW,normal
evt_a512beb9aade4d39b691af257152ca20,2026-09-26T16:51:38+00:00,S014,J010,L3,motorcycle,24,37.06,MEDIUM,clear,28.655334,77.184368,0.16,highway,SW,normal
evt_dfd1633cbd6442428ab3b1e80fea2f6b,2026-09-26T16:51:42+00:00,S007,J005,L1,car,16,28.58,MEDIUM,clear,28.632115,77.205206,0.11,highway,N,normal
evt_9eed9addfe5444aba77053bd1172f69a,2026-09-26T16:51:52+00:00,S007,J005,L1,motorcycle,18,38.55,MEDIUM,cloudy,28.632115,77.205206,0.12,highway,N,normal
evt_ea16b64176934230b7fafeac55a7b200,2026-09-26T16:52:02+00:00,S015,J008,L1,car,39,17.08,HIGH,rain,28.632255,77.16715,0.26,local,W,normal
evt_e6a33f454b3e4017a5faf1f39b32faac,2026-09-26T16:52:11+00:00,S024,J001,L1,car,7,58.88,LOW,clear,28.602744,77.246835,0.05,local,E,normal
evt_055328a0b6a0407b8b658bb42debe2ce,2026-09-26T16:52:17+00:00,S023,J009,L3,van,9,47.05,LOW,cloudy,28.64929,77.221191,0.06,highway,NW,normal
evt_e97b47bee4b84292ad06a0290bad8a04,2026-09-26T16:52:26+00:00,S028,J004,L2,car,30,39.22,MEDIUM,cloudy,28.661711,77.239779,0.2,arterial,SE,normal
evt_8b01a7576e4e4e5d973b660030dad74e,2026-09-26T16:52:36+00:00,S014,J010,L3,motorcycle,59,11.12,HIGH,clear,28.655334,77.184368,0.39,highway,SW,normal
evt_3f41944808684de4a0b4e267dc5d6f56,2026-09-26T16:52:43+00:00,S027,J003,L1,car,13,38.25,MEDIUM,clear,28.608199,77.18016,0.09,local,E,normal
evt_17e4ad5b6fe84be7928f24423401ac63,2026-09-26T16:52:49+00:00,S006,J006,L4,car,8,61.06,LOW,rain,28.598421,77.191761,0.05,local,NE,normal
evt_ced6b20bc57b4c3fbfdeff3db109031d,2026-09-26T16:52:56+00:00,S026,J004,L2,car,50,21.6,HIGH,clear,28.661812,77.239801,0.33,arterial,W,normal
evt_9e87cb4c000f4c71b932681b17543b04,2026-09-26T16:53:00+00:00,S001,J005,L1,car,58,23.01,HIGH,rain,28.632102,77.205139,0.39,highway,W,normal
evt_248e0cacc2694e6698bbb8c70966f930,2026-09-26T16:53:08+00:00,S012,J006,L3,car,6,51.01,LOW,cloudy,28.598354,77.191618,0.04,local,NW,normal
evt_f033846fb9c44b088bd83f17aca6d836,2026-09-26T16:53:17+00:00,S013,J004,L3,motorcycle,58,26.76,HIGH,clear,28.66172,77.239744,0.39,arterial,E,normal
evt_cc7ac04b988d47d398445e5dc74a596f,2026-09-26T16:53:22+00:00,S029,J008,L2,van,8,55.01,LOW,clear,28.632315,77.166988,0.05,local,SE,normal
evt_b3bd714e56e04559854b560043662f22,2026-09-26T16:53:28+00:00,S024,J001,L1,auto_rickshaw,8,77.91,LOW,clear,28.602744,77.246835,0.05,local,E,normal
evt_bb5de2bc34db4b4c9fbe3da8da292d5c,2026-09-26T16:53:33+00:00,S019,J008,L2,auto_rickshaw,18,41.35,MEDIUM,clear,28.632182,77.167019,0.12,local,NE,normal
evt_49749531fd6842d48fa8eb7575b1c91d,2026-09-26T16:53:37+00:00,S018,J002,L2,auto_rickshaw,17,46.67,MEDIUM,clear,28.619258,77.174663,0.11,highway,SE,normal
evt_4af280c9086a49bdbbaae092783e9c7d,2026-09-26T16:53:39+00:00,S026,J004,L2,car,14,44.79,MEDIUM,clear,28.661812,77.239801,0.09,arterial,W,normal
evt_6eaf9b23f0984db7ad86a4ab589fd974,2026-09-26T16:53:48+00:00,S007,J005,L1,auto_rickshaw,48,24.09,HIGH,cloudy,28.632115,77.205206,0.32,highway,N,normal
evt_928be549d3f541ceb2d80d135ce39d2a,2026-09-26T16:53:56+00:00,S028,J004,L2,car,19,49.74,MEDIUM,clear,28.661711,77.239779,0.13,arterial,SE,normal
evt_c8ea8c0607934929b8abe8842d6b3370,2026-09-26T16:54:00+00:00,S030,J006,L4,car,62,13.4,HIGH,rain,28.598275,77.191626,0.41,local,NW,normal
evt_daea59132a2d40c4b0137e3260b99130,2026-09-26T16:54:08+00:00,S013,J004,L3,car,44,11.6,HIGH,cloudy,28.66172,77.239744,0.29,arterial,E,normal
evt_21ac0445e76d4fb9af198a3d85a97ce6,2026-09-26T16:54:11+00:00,S012,J006,L3,motorcycle,13,35.96,MEDIUM,cloudy,28.598354,77.191618,0.09,local,NW,normal
evt_ece9637f0399437e9cb0498527a8620e,2026-09-26T16:54:16+00:00,S016,J009,L4,car,7,69.37,LOW,clear,28.649299,77.221181,0.05,highway,N,normal
evt_4c1093874a8449ceb4e711adfc0a2fe4,2026-09-26T16:54:19+00:00,S011,J008,L1,car,16,33.71,MEDIUM,clear,28.632225,77.166992,0.11,local,NE,normal
evt_63380cc8a50148c9ac503c5f2ca2c364,2026-09-26T16:54:20+00:00,S006,J006,L4,car,8,55.23,LOW,clear,28.598421,77.191761,0.05,local,NE,normal
evt_962c454a89554c9ca8f9ec2b2a506a93,2026-09-26T16:54:25+00:00,S019,J008,L2,car,45,21.12,HIGH,rain,28.632182,77.167019,0.3,local,NE,normal
evt_3f7b76aa363543b98a531bedd19fb717,2026-09-26T16:54:35+00:00,S009,J005,L2,bus,16,30.34,MEDIUM,clear,28.63221,77.205185,0.11,highway,NW,minor_incident
evt_f9a24020a1f440ce824e79ffd02e91d2,2026-09-26T16:54:43+00:00,S016,J009,L4,car,44,19.81,HIGH,rain,28.649299,77.221181,0.29,highway,N,normal
evt_3a5a28a2a0504079afa36206019dbd83,2026-09-26T16:54:51+00:00,S023,J009,L3,car,9,62.15,LOW,cloudy,28.64929,77.221191,0.06,highway,NW,normal
evt_d3fa671fa8b344b7a8d0c953c0609251,2026-09-26T16:54:54+00:00,S018,J002,L2,car,18,45.16,MEDIUM,cloudy,28.619258,77.174663,0.12,highway,SE,normal
evt_f464852319fc4d6cb8d1d56f44edf50b,2026-09-26T16:55:02+00:00,S026,J004,L2,car,18,39.48,MEDIUM,cloudy,28.661812,77.239801,0.12,arterial,W,normal
evt_17fa97a70ea04ed3b69e60aa14ce1b71,2026-09-26T16:55:12+00:00,S030,J006,L4,motorcycle,58,14.48,HIGH,cloudy,28.598275,77.191626,0.39,local,NW,normal
evt_8dd02cfe9c6047f682cb0972d71a6ea7,2026-09-26T16:55:20+00:00,S017,J004,L3,car,27,39.53,MEDIUM,cloudy,28.661804,77.239639,0.18,arterial,SW,normal
evt_e0463c3b8ead436da1002831fc87bebb,2026-09-26T16:55:25+00:00,S024,J001,L1,car,35,20.02,HIGH,fog,28.602744,77.246835,0.23,local,E,normal
evt_774b6fde94e3466b8a6614c3efe19288,2026-09-26T16:55:27+00:00,S020,J008,L2,car,47,15.62,HIGH,rain,28.63215,77.167047,0.31,local,S,normal
evt_ba453f570ec24f62a6bb9c496e73935e,2026-09-26T16:55:32+00:00,S028,J004,L2,car,5,53.29,LOW,cloudy,28.661711,77.239779,0.03,arterial,SE,normal
evt_f012fef4e12f4238ac625024c12cf054,2026-09-26T16:55:36+00:00,S028,J004,L2,motorcycle,121,10.45,SEVERE,cloudy,28.661711,77.239779,0.81,arterial,SE,major_incident
evt_bb589fda971642e19d07b09c68f59566,2026-09-26T16:55:45+00:00,S030,J006,L4,motorcycle,44,21.41,HIGH,rain,28.598275,77.191626,0.29,local,NW,normal
evt_58e9575815d849eb8e59ee3c87edc5fc,2026-09-26T16:55:50+00:00,S002,J002,L3,car,41,15.44,HIGH,clear,28.619324,77.174609,0.27,highway,N,normal
evt_279ca5595f3b4352b89bd66d7d47e02f,2026-09-26T16:55:51+00:00,S030,J006,L4,motorcycle,39,19.59,HIGH,cloudy,28.598275,77.191626,0.26,local,NW,normal
evt_bfaf4b6effac4582adf29a27e16ad89d,2026-09-26T16:55:58+00:00,S022,J005,L2,auto_rickshaw,24,31.28,MEDIUM,clear,28.632101,77.20505,0.16,highway,E,normal
evt_23dc122e33b94af39a47717238efe27d,2026-09-26T16:56:07+00:00,S024,J001,L1,car,6,44.77,LOW,cloudy,28.602744,77.246835,0.04,local,E,normal
evt_e6520ead212745e7b7eeca297c9afa31,2026-09-26T16:56:11+00:00,S016,J009,L4,car,29,28.73,MEDIUM,clear,28.649299,77.221181,0.19,highway,N,normal
evt_6dae898a32534a3b96e4f6ba5ba034b0,2026-09-26T16:56:13+00:00,S011,J008,L1,car,28,35.62,MEDIUM,clear,28.632225,77.166992,0.19,local,NE,normal
evt_44b356de1b8748ffaca9e0054ffee9da,2026-09-26T16:56:20+00:00,S014,J010,L3,car,24,46.16,MEDIUM,cloudy,28.655334,77.184368,0.16,highway,SW,normal
evt_b318efbdeea442b2b97df9574266a699,2026-09-26T16:56:27+00:00,S023,J009,L3,motorcycle,2,60.16,LOW,rain,28.64929,77.221191,0.01,highway,NW,normal
evt_32b2d902af09413eb9870995cc197c0c,2026-09-26T16:56:36+00:00,S020,J008,L2,car,15,31.16,MEDIUM,cloudy,28.63215,77.167047,0.1,local,S,normal
evt_bc58cc7a5a934f278c0ae92f4862764e,2026-09-26T16:56:37+00:00,S021,J007,L2,motorcycle,47,13.05,HIGH,rain,28.654318,77.185082,0.31,arterial,S,minor_incident
evt_07588757ecf249409daef4d24b96cdd7,2026-09-26T16:56:39+00:00,S008,J006,L6,car,10,54.36,LOW,rain,28.598311,77.191609,0.07,local,E,normal
evt_d01bb215b2f44a98b4c31e911bd24b3a,2026-09-26T16:56:42+00:00,S017,J004,L3,motorcycle,27,49.82,MEDIUM,clear,28.661804,77.239639,0.18,arterial,SW,normal
evt_944709a49af84be7881693bc661430c2,2026-09-26T16:56:44+00:00,S007,J005,L1,car,21,41.39,MEDIUM,clear,28.632115,77.205206,0.14,highway,N,normal
evt_8d215efd6b574da3b691d9ca7a2e2ddb,2026-09-26T16:56:50+00:00,S014,J010,L3,motorcycle,44,15.91,HIGH,clear,28.655334,77.184368,0.29,highway,SW,normal
evt_64d6735f4a6149dd985c30ffae4c827b,2026-09-26T16:56:59+00:00,S019,J008,L2,truck,127,1.45,SEVERE,rain,28.632182,77.167019,0.85,local,NE,normal
evt_ac8f88330a60469ab16578223fa6dbd8,2026-09-26T16:57:05+00:00,S011,J008,L1,car,20,26.68,MEDIUM,cloudy,28.632225,77.166992,0.13,local,NE,normal
evt_81b3564d48904b55953e338dd01fa8a2,2026-09-26T16:57:08+00:00,S012,J006,L3,van,15,29.64,MEDIUM,clear,28.598354,77.191618,0.1,local,NW,normal
evt_1380af9d4a084165b0fc6228df28b37a,2026-09-26T16:57:13+00:00,S003,J001,L2,car,18,46.87,MEDIUM,clear,28.602648,77.246842,0.12,local,W,normal
evt_536cacc0b10048929a6508005edd4711,2026-09-26T16:57:20+00:00,S011,J008,L1,motorcycle,62,12.64,HIGH,rain,28.632225,77.166992,0.41,local,NE,normal
evt_8e411471d3da486f9e42916a3b9a4c49,2026-09-26T16:57:29+00:00,S016,J009,L4,car,26,46.76,MEDIUM,clear,28.649299,77.221181,0.17,highway,N,normal
evt_644459e1e71f467695c9fe7aba5c549f,2026-09-26T16:57:32+00:00,S010,J007,L2,motorcycle,21,34.51,MEDIUM,clear,28.654465,77.18509,0.14,arterial,NE,normal
evt_70b07d1cc49548a4afc53454fdc231e2,2026-09-26T16:57:37+00:00,S003,J001,L2,auto_rickshaw,10,55.04,LOW,clear,28.602648,77.246842,0.07,local,W,normal
evt_4bcd3fdd55e244e09171e8c6079572c3,2026-09-26T16:57:43+00:00,S007,J005,L1,car,9,41.63,LOW,clear,28.632115,77.205206,0.06,highway,N,normal
evt_943fd95fb3a24e9b928b81d207f294cb,2026-09-26T16:57:50+00:00,S018,J002,L2,car,54,18.89,HIGH,fog,28.619258,77.174663,0.36,highway,SE,normal
evt_ad6ebe6a50c74b6bb2d615966c5e3cc0,2026-09-26T16:58:00+00:00,S013,J004,L3,car,15,31.72,MEDIUM,clear,28.66172,77.239744,0.1,arterial,E,normal
evt_a7f5806716de4c21b4dec9dc59b12f6e,2026-09-26T16:58:10+00:00,S017,J004,L3,car,60,9.32,HIGH,fog,28.661804,77.239639,0.4,arterial,SW,normal
evt_773e68999cbc45e5aa0c1fee45737a0b,2026-09-26T16:58:16+00:00,S027,J003,L1,auto_rickshaw,9,71.56,LOW,clear,28.608199,77.18016,0.06,local,E,normal
evt_f30966cb785440078f4e5c64c2c873bb,2026-09-26T16:58:20+00:00,S030,J006,L4,auto_rickshaw,18,34.81,MEDIUM,clear,28.598275,77.191626,0.12,local,NW,normal
evt_5f985ca3ba8040b28416152274afff73,2026-09-26T16:58:28+00:00,S010,J007,L2,bus,10,78.45,LOW,clear,28.654465,77.18509,0.07,arterial,NE,normal
evt_adecca00aa574cdfba8eed904a2d7a85,2026-09-26T16:58:36+00:00,S007,J005,L1,car,12,25.04,MEDIUM,clear,28.632115,77.205206,0.08,highway,N,normal
evt_1862dfc76f36472cb093f8d97785da51,2026-09-26T16:58:40+00:00,S017,J004,L3,car,55,27.01,HIGH,cloudy,28.661804,77.239639,0.37,arterial,SW,normal
evt_97e7dabdef8a4c27b7ca127ca6d76663,2026-09-26T16:58:41+00:00,S001,J005,L1,car,22,44.02,MEDIUM,clear,28.632102,77.205139,0.15,highway,W,normal
evt_2f76a338b0304942ac34ef6167c3c164,2026-09-26T16:58:42+00:00,S007,J005,L1,motorcycle,23,25.01,MEDIUM,cloudy,28.632115,77.205206,0.15,highway,N,normal
evt_98625b9f2b4543ab9cb1121e8b73927f,2026-09-26T16:58:44+00:00,S002,J002,L3,car,17,38.64,MEDIUM,clear,28.619324,77.174609,0.11,highway,N,normal
evt_315009dedfd64f649850fcca73827e46,2026-09-26T16:58:49+00:00,S009,J005,L2,auto_rickshaw,36,27.07,HIGH,clear,28.63221,77.205185,0.24,highway,NW,normal
evt_71706e3df2bc4a4ab3cb24d13d849d5c,2026-09-26T16:58:51+00:00,S001,J005,L1,auto_rickshaw,6,53.26,LOW,cloudy,28.632102,77.205139,0.04,highway,W,normal
evt_8314f26df1ca41e3a45ded587df54e34,2026-09-26T16:59:00+00:00,S030,J006,L4,car,23,26.71,MEDIUM,clear,28.598275,77.191626,0.15,local,NW,normal
evt_d3184367340040588b9e75c405e64c60,2026-09-26T16:59:10+00:00,S021,J007,L2,car,11,40.56,MEDIUM,clear,28.654318,77.185082,0.07,arterial,S,normal
evt_608ee11e1272447d919dced873eb437e,2026-09-26T16:59:20+00:00,S022,J005,L2,car,53,15.28,HIGH,clear,28.632101,77.20505,0.35,highway,E,normal
evt_6298f6aa46dc46e890ca6d90d0dcdc7b,2026-09-26T16:59:24+00:00,S026,J004,L2,car,54,8.08,HIGH,rain,28.661812,77.239801,0.36,arterial,W,normal
evt_df5690e24045448b89cb896b62d86898,2026-09-26T16:59:25+00:00,S015,J008,L1,car,65,29.72,HIGH,clear,28.632255,77.16715,0.43,local,W,normal
evt_3806bf96c85e460ba65b1110d75dd62f,2026-09-26T16:59:26+00:00,S003,J001,L2,car,24,36.92,MEDIUM,clear,28.602648,77.246842,0.16,local,W,normal
evt_f114a8cf9b8e4b7ba2c9f84ebb33b6c2,2026-09-26T16:59:34+00:00,S016,J009,L4,car,56,24.42,HIGH,clear,28.649299,77.221181,0.37,highway,N,normal
evt_fabcb96581d644b2a2d23ca2fc93bd0f,2026-09-26T16:59:37+00:00,S029,J008,L2,auto_rickshaw,6,58.4,LOW,clear,28.632315,77.166988,0.04,local,SE,normal
evt_8825c42c7e4241b99fd76b1f1012677b,2026-09-26T16:59:43+00:00,S012,J006,L3,truck,8,40.26,LOW,clear,28.598354,77.191618,0.05,local,NW,normal
evt_392105b31ab04567a912bca260b77b83,2026-09-26T16:59:44+00:00,S026,J004,L2,motorcycle,10,67.92,LOW,fog,28.661812,77.239801,0.07,arterial,W,normal
evt_faca8ea146094d47938bdd1f16524d65,2026-09-26T16:59:47+00:00,S011,J008,L1,car,58,19.19,HIGH,rain,28.632225,77.166992,0.39,local,NE,normal
evt_0f1b9c3447c64a03a9913ba00b407aa8,2026-09-26T16:59:56+00:00,S019,J008,L2,car,20,30.55,MEDIUM,clear,28.632182,77.167019,0.13,local,NE,normal
evt_a8e255571b7a4957822bfbc0fb872d06,2026-09-26T17:00:00+00:00,S029,J008,L2,car,104,5.85,SEVERE,clear,28.632315,77.166988,0.69,local,SE,normal
evt_e5321e1efc714fd5a2eb924ec0b0bca6,2026-09-26T17:00:09+00:00,S030,J006,L4,car,12,28.16,MEDIUM,cloudy,28.598275,77.191626,0.08,local,NW,normal
evt_5aaab22f2e1a4cf8b5e93f1a78fab684,2026-09-26T17:00:11+00:00,S004,J003,L2,car,123,8.05,SEVERE,rain,28.608345,77.180107,0.82,local,NE,normal
evt_34d59af2acae4af5aa45d22339eeb7af,2026-09-26T17:00:18+00:00,S030,J006,L4,car,30,29.56,MEDIUM,clear,28.598275,77.191626,0.2,local,NW,normal
evt_2c39e73a1c0242e7a4a98ac1ec35fbc3,2026-09-26T17:00:28+00:00,S017,J004,L3,car,131,10.75,SEVERE,clear,28.661804,77.239639,0.87,arterial,SW,major_incident
evt_ad00c9f919074c338427b5f878808b60,2026-09-26T17:00:35+00:00,S026,J004,L2,car,65,23.0,HIGH,clear,28.661812,77.239801,0.43,arterial,W,normal
evt_dec25ae62e224161b4ad1fc44212b821,2026-09-26T17:00:39+00:00,S023,J009,L3,car,25,33.59,MEDIUM,clear,28.64929,77.221191,0.17,highway,NW,normal
evt_51bfddbe6a024a92a5bbc9854ad63295,2026-09-26T17:00:40+00:00,S017,J004,L3,motorcycle,59,25.07,HIGH,clear,28.661804,77.239639,0.39,arterial,SW,normal
evt_cfa4a4e70b544a8c92768f13571053a3,2026-09-26T17:00:45+00:00,S027,J003,L1,car,41,26.98,HIGH,clear,28.608199,77.18016,0.27,local,E,normal
evt_21744829f35e48239f47ec17b29d3a06,2026-09-26T17:00:55+00:00,S002,J002,L3,bus,49,13.0,HIGH,clear,28.619324,77.174609,0.33,highway,N,normal
evt_ec081cd8769c4a9a8b721c5ad7b5d211,2026-09-26T17:00:57+00:00,S017,J004,L3,bus,52,17.86,HIGH,clear,28.661804,77.239639,0.35,arterial,SW,normal
evt_b0e5e00a8576409d9da6129ce86690a7,2026-09-26T17:01:07+00:00,S013,J004,L3,motorcycle,70,22.83,HIGH,clear,28.66172,77.239744,0.47,arterial,E,normal
evt_d0460ab2ed28411798fac7424b6041a6,2026-09-26T17:01:09+00:00,S002,J002,L3,car,35,17.2,HIGH,cloudy,28.619324,77.174609,0.23,highway,N,normal
evt_8e0b864409864cb09845cd35a7d63860,2026-09-26T17:01:14+00:00,S013,J004,L3,motorcycle,69,11.49,HIGH,clear,28.66172,77.239744,0.46,arterial,E,normal
evt_a0645fe841ec4298a32164fab79e2982,2026-09-26T17:01:18+00:00,S007,J005,L1,motorcycle,48,25.35,HIGH,clear,28.632115,77.205206,0.32,highway,N,normal
evt_51624a395dc847fc93aee57344e5bb9f,2026-09-26T17:01:28+00:00,S017,J004,L3,truck,146,12.68,SEVERE,clear,28.661804,77.239639,0.97,arterial,SW,normal
evt_5b6f4a529acf4d46bcfc1021e6617519,2026-09-26T17:01:34+00:00,S025,J003,L2,car,53,14.06,HIGH,cloudy,28.608349,77.180087,0.35,local,NE,normal
evt_63a88791a8204bf5b2314ab50b608c18,2026-09-26T17:01:41+00:00,S018,J002,L2,car,105,1.26,SEVERE,cloudy,28.619258,77.174663,0.7,highway,SE,normal
evt_ce8e21adabe54da295a04f573f2e2ee9,2026-09-26T17:01:46+00:00,S007,J005,L1,motorcycle,63,27.15,HIGH,clear,28.632115,77.205206,0.42,highway,N,minor_incident
evt_d3a6d14804134df89784eb0dd6992c60,2026-09-26T17:01:50+00:00,S009,J005,L2,auto_rickshaw,59,27.23,HIGH,clear,28.63221,77.205185,0.39,highway,NW,normal
evt_48216fd7cb69468f96a9c13124b3e1bc,2026-09-26T17:01:52+00:00,S024,J001,L1,van,132,10.2,SEVERE,clear,28.602744,77.246835,0.88,local,E,normal
evt_b2c97c38c4dc46a8b51a95ce3a7d8d07,2026-09-26T17:01:57+00:00,S024,J001,L1,car,47,18.31,HIGH,clear,28.602744,77.246835,0.31,local,E,normal
evt_8454e2c964134a7eb8aacadb11ae4bfe,2026-09-26T17:01:59+00:00,S022,J005,L2,car,96,11.82,SEVERE,rain,28.632101,77.20505,0.64,highway,E,normal
evt_672c0ea18e644fb39670c2878189d9c6,2026-09-26T17:02:04+00:00,S027,J003,L1,van,24,36.95,MEDIUM,cloudy,28.608199,77.18016,0.16,local,E,normal
evt_d26892f649bb4a87a847d8973ae2350f,2026-09-26T17:02:08+00:00,S023,J009,L3,car,111,8.6,SEVERE,clear,28.64929,77.221191,0.74,highway,NW,normal
evt_7ebfbbb492ea4af7a9cf13307a6deba2,2026-09-26T17:02:17+00:00,S022,J005,L2,car,41,19.0,HIGH,clear,28.632101,77.20505,0.27,highway,E,normal
evt_32dbf9464d0a42e29aa27d39b164d6ef,2026-09-26T17:02:23+00:00,S021,J007,L2,car,16,42.1,MEDIUM,cloudy,28.654318,77.185082,0.11,arterial,S,normal
evt_9c450ef9146f44bc96505c8a4a8dc8a3,2026-09-26T17:02:31+00:00,S024,J001,L1,car,42,18.84,HIGH,rain,28.602744,77.246835,0.28,local,E,normal
evt_4557a7488ba244daa84bd9bd468c8fd8,2026-09-26T17:02:39+00:00,S012,J006,L3,car,47,15.26,HIGH,clear,28.598354,77.191618,0.31,local,NW,normal
evt_3f9bbec0fec54aaeaed73fd83ba97ae1,2026-09-26T17:02:42+00:00,S012,J006,L3,car,39,17.49,HIGH,clear,28.598354,77.191618,0.26,local,NW,normal
evt_d83aadea704947c1b572c75bbeb20efc,2026-09-26T17:02:44+00:00,S010,J007,L2,truck,48,15.19,HIGH,clear,28.654465,77.18509,0.32,arterial,NE,normal
evt_6d4f134d5de64fd3ad5abc38506f1fee,2026-09-26T17:02:50+00:00,S016,J009,L4,car,142,5.16,SEVERE,clear,28.649299,77.221181,0.95,highway,N,normal
evt_7dce9e9a07be4963845cc2958005f759,2026-09-26T17:02:51+00:00,S015,J008,L1,car,25,32.29,MEDIUM,clear,28.632255,77.16715,0.17,local,W,minor_incident
evt_e023953bd779423389a38fd5dc2e29e0,2026-09-26T17:02:59+00:00,S009,J005,L2,car,99,4.27,SEVERE,rain,28.63221,77.205185,0.66,highway,NW,normal
evt_81997d07035b4959b41a4e78bfb2df12,2026-09-26T17:03:09+00:00,S005,J006,L5,car,34,18.45,HIGH,rain,28.59833,77.191644,0.23,local,N,normal
evt_97baad5da3ce45dcbe106d440b76419c,2026-09-26T17:03:19+00:00,S010,J007,L2,car,62,16.57,HIGH,clear,28.654465,77.18509,0.41,arterial,NE,normal
evt_528ccbf4a97d48d584956d1fb60ec951,2026-09-26T17:03:25+00:00,S010,J007,L2,bus,27,42.47,MEDIUM,clear,28.654465,77.18509,0.18,arterial,NE,normal
evt_e1d46b45399f446d9a46f03844e04b54,2026-09-26T17:03:34+00:00,S011,J008,L1,car,124,3.56,SEVERE,fog,28.632225,77.166992,0.83,local,NE,normal
evt_3e1d3a4669064a718628d185df044c77,2026-09-26T17:03:37+00:00,S004,J003,L2,motorcycle,41,11.09,HIGH,clear,28.608345,77.180107,0.27,local,NE,normal
evt_126c7b4a0a5c478fb26cf327a53315d1,2026-09-26T17:03:47+00:00,S015,J008,L1,motorcycle,136,12.96,SEVERE,clear,28.632255,77.16715,0.91,local,W,normal
evt_6499b282843a4291b77562dad2b0c15d,2026-09-26T17:03:56+00:00,S012,J006,L3,car,69,19.01,HIGH,clear,28.598354,77.191618,0.46,local,NW,normal
evt_0a93877616824f14b1bec8f5640609a5,2026-09-26T17:03:59+00:00,S003,J001,L2,motorcycle,30,26.75,MEDIUM,clear,28.602648,77.246842,0.2,local,W,normal
evt_fba8cf15dcc34d57833af9bb2856d738,2026-09-26T17:04:05+00:00,S002,J002,L3,motorcycle,30,41.92,MEDIUM,clear,28.619324,77.174609,0.2,highway,N,normal
evt_33d4c2d96a7b446586b06eeff8b0a77a,2026-09-26T17:04:10+00:00,S011,J008,L1,car,46,12.23,HIGH,cloudy,28.632225,77.166992,0.31,local,NE,normal
evt_173415bcfc88488b96b039fe0c3b0eb4,2026-09-26T17:04:18+00:00,S002,J002,L3,motorcycle,91,8.09,SEVERE,cloudy,28.619324,77.174609,0.61,highway,N,normal
evt_002c65b432af47ef82edbb7c8b65afcd,2026-09-26T17:04:22+00:00,S022,J005,L2,car,58,13.5,HIGH,clear,28.632101,77.20505,0.39,highway,E,normal
evt_f29bcfc42bdb44bcad6d07bc867a11b0,2026-09-26T17:04:25+00:00,S011,J008,L1,motorcycle,14,38.16,MEDIUM,cloudy,28.632225,77.166992,0.09,local,NE,normal
evt_eb842873d1924cd0847bed0ca2de7606,2026-09-26T17:04:34+00:00,S014,J010,L3,motorcycle,14,26.76,MEDIUM,clear,28.655334,77.184368,0.09,highway,SW,normal
evt_18c13e68ab3d468d9b02e9c44da02ba2,2026-09-26T17:04:41+00:00,S014,J010,L3,car,97,5.75,SEVERE,rain,28.655334,77.184368,0.65,highway,SW,normal
evt_577abcb46a8447b7b1a6a22323e47de0,2026-09-26T17:04:44+00:00,S018,J002,L2,car,113,1.56,SEVERE,rain,28.619258,77.174663,0.75,highway,SE,normal
evt_6527ebbe2ca74f0c9a0c01607d9f82a0,2026-09-26T17:04:49+00:00,S026,J004,L2,car,44,16.63,HIGH,cloudy,28.661812,77.239801,0.29,arterial,W,normal
evt_444c1e9f2ba041d8806c21e34e0768fd,2026-09-26T17:04:50+00:00,S002,J002,L3,car,87,7.06,SEVERE,rain,28.619324,77.174609,0.58,highway,N,normal
evt_5ae3473067a04595910f597eb8edac2c,2026-09-26T17:04:55+00:00,S009,J005,L2,bus,36,19.18,HIGH,rain,28.63221,77.205185,0.24,highway,NW,normal
evt_cabc32616d65427295ba3d1950d61c2c,2026-09-26T17:05:01+00:00,S010,J007,L2,truck,109,4.42,SEVERE,rain,28.654465,77.18509,0.73,arterial,NE,normal
evt_9322fa7d21ba46dda357d997da802960,2026-09-26T17:05:08+00:00,S015,J008,L1,car,89,11.39,SEVERE,clear,28.632255,77.16715,0.59,local,W,normal
evt_1d59d5a8dc804da0bc4ae6bf41c3ca1f,2026-09-26T17:05:17+00:00,S023,J009,L3,car,57,24.17,HIGH,clear,28.64929,77.221191,0.38,highway,NW,normal
evt_232b568450874752bfd05963ec99326f,2026-09-26T17:05:19+00:00,S001,J005,L1,motorcycle,53,10.93,HIGH,rain,28.632102,77.205139,0.35,highway,W,normal
evt_c15c282a0e384e26b122e087b2de6848,2026-09-26T17:05:27+00:00,S028,J004,L2,motorcycle,39,28.54,HIGH,clear,28.661711,77.239779,0.26,arterial,SE,normal
evt_89cd29a459d04ba2abdbb769523d80ae,2026-09-26T17:05:35+00:00,S027,J003,L1,motorcycle,64,15.25,HIGH,clear,28.608199,77.18016,0.43,local,E,normal
evt_01a8a805f60340c98ede903ea380da6b,2026-09-26T17:05:41+00:00,S009,J005,L2,motorcycle,56,9.97,HIGH,fog,28.63221,77.205185,0.37,highway,NW,normal
evt_8f43b27dd5c144ac9b74af08e0f4f700,2026-09-26T17:05:44+00:00,S024,J001,L1,motorcycle,112,6.16,SEVERE,rain,28.602744,77.246835,0.75,local,E,normal
evt_cf37a6e06072421fb1cdb5e49fb70284,2026-09-26T17:05:47+00:00,S008,J006,L6,van,67,28.1,HIGH,clear,28.598311,77.191609,0.45,local,E,normal
evt_7e6fbad689d84ff4b645129b12c1e674,2026-09-26T17:05:56+00:00,S011,J008,L1,truck,27,46.71,MEDIUM,cloudy,28.632225,77.166992,0.18,local,NE,normal
evt_c1116b7b63fb46b98859bb4eb6ffaf89,2026-09-26T17:06:05+00:00,S026,J004,L2,car,130,3.95,SEVERE,cloudy,28.661812,77.239801,0.87,arterial,W,normal
evt_65d6d207ce3f4e08a2791e7384b1da1f,2026-09-26T17:06:08+00:00,S022,J005,L2,van,23,31.63,MEDIUM,clear,28.632101,77.20505,0.15,highway,E,normal
evt_8cac09f7dbe341efa3a16992384ebea6,2026-09-26T17:06:16+00:00,S005,J006,L5,motorcycle,116,9.08,SEVERE,rain,28.59833,77.191644,0.77,local,N,normal
evt_ca70aa3952a044a29126b018367bf43d,2026-09-26T17:06:18+00:00,S028,J004,L2,car,38,21.33,HIGH,clear,28.661711,77.239779,0.25,arterial,SE,normal
evt_535ff7ad15324f81aec01c282b3fa439,2026-09-26T17:06:21+00:00,S001,J005,L1,motorcycle,50,14.47,HIGH,clear,28.632102,77.205139,0.33,highway,W,normal
evt_e977f37c73b643b9b5ea4064d4493cc4,2026-09-26T17:06:23+00:00,S009,J005,L2,car,32,10.79,HIGH,cloudy,28.63221,77.205185,0.21,highway,NW,normal
evt_28ddb5d45360438a87a7f82eccbe2015,2026-09-26T17:06:29+00:00,S005,J006,L5,car,147,0.03,SEVERE,cloudy,28.59833,77.191644,0.98,local,N,normal
evt_c7ecbbae169e4c6fb8cd8b5e6b74fe59,2026-09-26T17:06:32+00:00,S014,J010,L3,car,132,8.4,SEVERE,fog,28.655334,77.184368,0.88,highway,SW,normal
evt_b3a1cc4b4a534e01b37f1cd955481821,2026-09-26T17:06:33+00:00,S021,J007,L2,car,44,25.18,HIGH,clear,28.654318,77.185082,0.29,arterial,S,normal
evt_496dd817f6294ea8b01e7665f174bcc2,2026-09-26T17:06:39+00:00,S008,J006,L6,motorcycle,33,21.3,HIGH,cloudy,28.598311,77.191609,0.22,local,E,normal
evt_e80ba4fc70f64794bc0e7025454b8bc3,2026-09-26T17:06:48+00:00,S025,J003,L2,auto_rickshaw,47,29.85,HIGH,cloudy,28.608349,77.180087,0.31,local,NE,normal
evt_417cf5d0378042d6bcfe868fab26ceda,2026-09-26T17:06:52+00:00,S005,J006,L5,motorcycle,14,35.77,MEDIUM,clear,28.59833,77.191644,0.09,local,N,normal
evt_9c991e07b9aa475aacb694fda3e86014,2026-09-26T17:06:59+00:00,S017,J004,L3,car,81,3.25,SEVERE,rain,28.661804,77.239639,0.54,arterial,SW,normal
evt_d03d05c8fd284d9da6f6581ced8039b7,2026-09-26T17:07:00+00:00,S016,J009,L4,car,132,6.24,SEVERE,fog,28.649299,77.221181,0.88,highway,N,normal
evt_5935fd1c9b3f46d08737bd294cb447ba,2026-09-26T17:07:02+00:00,S013,J004,L3,bus,22,38.9,MEDIUM,clear,28.66172,77.239744,0.15,arterial,E,normal
evt_649c64f0a72443b881f8691d95aa0fcd,2026-09-26T17:07:08+00:00,S011,J008,L1,car,50,18.56,HIGH,clear,28.632225,77.166992,0.33,local,NE,normal
evt_a583c075a2604e879ec18ade0e15e1a3,2026-09-26T17:07:15+00:00,S016,J009,L4,car,59,10.84,HIGH,clear,28.649299,77.221181,0.39,highway,N,normal
evt_1c24b2992b854108ad63e82423db1c4d,2026-09-26T17:07:24+00:00,S002,J002,L3,car,39,27.96,HIGH,clear,28.619324,77.174609,0.26,highway,N,normal
evt_1cc4c3b0c0084749aa2a0ce0ff32dcbd,2026-09-26T17:07:32+00:00,S014,J010,L3,truck,20,43.47,MEDIUM,clear,28.655334,77.184368,0.13,highway,SW,normal
evt_0ad1283ab74a4e98b4e385ec65346d99,2026-09-26T17:07:42+00:00,S009,J005,L2,bus,99,1.05,SEVERE,rain,28.63221,77.205185,0.66,highway,NW,normal
evt_fb2214a360e24b4cb50f1f357ad1371b,2026-09-26T17:07:51+00:00,S002,J002,L3,van,79,13.31,SEVERE,cloudy,28.619324,77.174609,0.53,highway,N,normal
evt_a18729c546394bfb8244589fa5909098,2026-09-26T17:07:55+00:00,S006,J006,L4,car,60,15.74,HIGH,rain,28.598421,77.191761,0.4,local,NE,normal
evt_d9843a25f0d74ebd8383769090226d7b,2026-09-26T17:08:01+00:00,S010,J007,L2,motorcycle,63,20.39,HIGH,clear,28.654465,77.18509,0.42,arterial,NE,normal
evt_d45324c2eefc4a658a04d51d1693c43c,2026-09-26T17:08:05+00:00,S009,J005,L2,truck,93,12.14,SEVERE,clear,28.63221,77.205185,0.62,highway,NW,normal
evt_4d58c13e640b45299f3c5fc3b3601390,2026-09-26T17:08:13+00:00,S016,J009,L4,car,70,18.14,HIGH,clear,28.649299,77.221181,0.47,highway,N,normal
evt_5b7db39d5c4d401aa02470412fade141,2026-09-26T17:08:19+00:00,S004,J003,L2,truck,96,0.2,SEVERE,rain,28.608345,77.180107,0.64,local,NE,normal
evt_485befd7a62e420d92bcbd42b8fbf538,2026-09-26T17:08:22+00:00,S012,J006,L3,auto_rickshaw,45,19.36,HIGH,clear,28.598354,77.191618,0.3,local,NW,normal
evt_7210309d9e9c4dc086f2bf4fbdfc1eb6,2026-09-26T17:08:31+00:00,S030,J006,L4,car,79,9.49,SEVERE,cloudy,28.598275,77.191626,0.53,local,NW,normal
evt_b86dca9f72b74b87b16279e15fd4a18c,2026-09-26T17:08:35+00:00,S021,J007,L2,car,11,49.46,MEDIUM,cloudy,28.654318,77.185082,0.07,arterial,S,normal
evt_227c4a36066a48199ce58b27bf12d097,2026-09-26T17:08:38+00:00,S017,J004,L3,car,15,44.52,MEDIUM,clear,28.661804,77.239639,0.1,arterial,SW,normal
evt_e34ebee94aff4c0baa745f962a70dcf3,2026-09-26T17:08:45+00:00,S003,J001,L2,car,56,10.22,HIGH,clear,28.602648,77.246842,0.37,local,W,normal
evt_cc0be29765e143d0ba631c5c56a3db53,2026-09-26T17:08:52+00:00,S026,J004,L2,motorcycle,85,0.1,SEVERE,rain,28.661812,77.239801,0.57,arterial,W,normal
evt_a223ec6dc49749d0b155606d9de16299,2026-09-26T17:08:57+00:00,S019,J008,L2,car,103,9.23,SEVERE,clear,28.632182,77.167019,0.69,local,NE,normal
evt_59a5fc5a6e834afe8d1f63c37a34c084,2026-09-26T17:08:59+00:00,S020,J008,L2,bus,49,14.9,HIGH,clear,28.63215,77.167047,0.33,local,S,normal
evt_ed837dd23f2f4c34888c34df066e9f35,2026-09-26T17:09:09+00:00,S008,J006,L6,car,88,13.68,SEVERE,clear,28.598311,77.191609,0.59,local,E,normal
evt_270634fc34b74ef5a44f91e30ac9126e,2026-09-26T17:09:18+00:00,S019,J008,L2,car,40,10.89,HIGH,clear,28.632182,77.167019,0.27,local,NE,normal
evt_35bc858c7bf6445bbeb0c87c6126006e,2026-09-26T17:09:22+00:00,S026,J004,L2,car,48,29.48,HIGH,cloudy,28.661812,77.239801,0.32,arterial,W,normal
evt_5ace3acec7f74238814d6cc03f4cb96b,2026-09-26T17:09:29+00:00,S007,J005,L1,car,38,29.42,HIGH,cloudy,28.632115,77.205206,0.25,highway,N,normal
evt_aca3c01e8f5446f0b96232b76d33c24b,2026-09-26T17:09:34+00:00,S021,J007,L2,car,18,32.57,MEDIUM,clear,28.654318,77.185082,0.12,arterial,S,normal
evt_3c34bf1718eb4afdac3159f7199cc4cc,2026-09-26T17:09:37+00:00,S027,J003,L1,motorcycle,29,37.71,MEDIUM,clear,28.608199,77.18016,0.19,local,E,normal
evt_166d3985ce35433d96485172467ed349,2026-09-26T17:09:46+00:00,S008,J006,L6,car,127,9.18,SEVERE,rain,28.598311,77.191609,0.85,local,E,normal
evt_7b5891a82f7443fd82a56396c2b65625,2026-09-26T17:09:51+00:00,S019,J008,L2,auto_rickshaw,88,1.03,SEVERE,clear,28.632182,77.167019,0.59,local,NE,normal
evt_64ff45dec56a4d0ebb8fd443a5fe107f,2026-09-26T17:09:54+00:00,S017,J004,L3,car,14,44.97,MEDIUM,clear,28.661804,77.239639,0.09,arterial,SW,normal
evt_5ab3f37881d3473eaa757e8a850ae335,2026-09-26T17:10:02+00:00,S027,J003,L1,motorcycle,13,36.12,MEDIUM,cloudy,28.608199,77.18016,0.09,local,E,normal
evt_e03154df99ac485a80b583dafd0c0973,2026-09-26T17:10:03+00:00,S026,J004,L2,van,53,13.37,HIGH,clear,28.661812,77.239801,0.35,arterial,W,normal
evt_360f01b934bf4e5db64452a02a243485,2026-09-26T17:10:12+00:00,S014,J010,L3,truck,127,14.91,SEVERE,clear,28.655334,77.184368,0.85,highway,SW,major_incident
evt_1db7c35108d34766b334f8671e86a81d,2026-09-26T17:10:19+00:00,S021,J007,L2,motorcycle,112,5.66,SEVERE,rain,28.654318,77.185082,0.75,arterial,S,normal
evt_0b0000095aa4442392a9bcbea632496e,2026-09-26T17:10:23+00:00,S001,J005,L1,motorcycle,32,10.81,HIGH,clear,28.632102,77.205139,0.21,highway,W,normal
evt_8e99d6612eaf45f1b33f9ffcf200d3b6,2026-09-26T17:10:28+00:00,S021,J007,L2,bus,61,26.16,HIGH,clear,28.654318,77.185082,0.41,arterial,S,normal
evt_cb53052056d64a37801b527cb4f62742,2026-09-26T17:10:37+00:00,S020,J008,L2,car,43,15.16,HIGH,clear,28.63215,77.167047,0.29,local,S,normal
evt_0a9011badf4b4ea7a4bbae79577c3398,2026-09-26T17:10:46+00:00,S008,J006,L6,truck,141,12.28,SEVERE,rain,28.598311,77.191609,0.94,local,E,normal
evt_c9361a5dc329459bb790011fdf77a077,2026-09-26T17:10:53+00:00,S027,J003,L1,car,58,15.06,HIGH,clear,28.608199,77.18016,0.39,local,E,normal
evt_1709f75196e04e6fb952bb370a182683,2026-09-26T17:11:02+00:00,S007,J005,L1,car,33,21.66,HIGH,cloudy,28.632115,77.205206,0.22,highway,N,normal
evt_95718b08287f4629a5d0c991e99230ac,2026-09-26T17:11:04+00:00,S016,J009,L4,car,53,24.4,HIGH,cloudy,28.649299,77.221181,0.35,highway,N,normal
evt_b7ee2cf07c4045009462da89e63e020a,2026-09-26T17:11:06+00:00,S023,J009,L3,car,67,28.23,HIGH,clear,28.64929,77.221191,0.45,highway,NW,normal
evt_8d6a6310062d4534a869be5fd8a6786e,2026-09-26T17:11:08+00:00,S020,J008,L2,van,59,26.33,HIGH,cloudy,28.63215,77.167047,0.39,local,S,normal
evt_8c3f0b72628e49c790bbc5bbb0081999,2026-09-26T17:11:11+00:00,S007,J005,L1,car,122,4.53,SEVERE,rain,28.632115,77.205206,0.81,highway,N,normal
evt_f496d99d833c40b5bb958edce60cc39e,2026-09-26T17:11:16+00:00,S020,J008,L2,motorcycle,86,1.15,SEVERE,clear,28.63215,77.167047,0.57,local,S,normal
evt_36b21bb47fe24dfc83eaae5fe40abbeb,2026-09-26T17:11:26+00:00,S025,J003,L2,auto_rickshaw,59,12.57,HIGH,cloudy,28.608349,77.180087,0.39,local,NE,normal
evt_04505ab4776b4df4aff20a53514e5d69,2026-09-26T17:11:31+00:00,S003,J001,L2,motorcycle,127,5.63,SEVERE,clear,28.602648,77.246842,0.85,local,W,major_incident
evt_eb07dca99df24bc2ac8cd87abd5f9e0b,2026-09-26T17:11:37+00:00,S030,J006,L4,car,39,20.36,HIGH,cloudy,28.598275,77.191626,0.26,local,NW,normal
evt_eb5b9561a4d749e091e15f09da5096dc,2026-09-26T17:11:38+00:00,S019,J008,L2,car,42,18.47,HIGH,clear,28.632182,77.167019,0.28,local,NE,normal
evt_a5f4b2beb0c0476c82d736976c72613d,2026-09-26T17:11:44+00:00,S006,J006,L4,motorcycle,55,12.84,HIGH,rain,28.598421,77.191761,0.37,local,NE,normal
evt_5d28a885198b46b9b918d6680203f469,2026-09-26T17:11:54+00:00,S010,J007,L2,car,12,49.5,MEDIUM,clear,28.654465,77.18509,0.08,arterial,NE,normal
evt_6bad33854d1b4a848bd58ea17b65458d,2026-09-26T17:12:00+00:00,S014,J010,L3,auto_rickshaw,43,13.32,HIGH,cloudy,28.655334,77.184368,0.29,highway,SW,normal
evt_88c312d7c73d4a068038fbb2a048dbb3,2026-09-26T17:12:08+00:00,S007,J005,L1,truck,47,24.32,HIGH,clear,28.632115,77.205206,0.31,highway,N,normal
evt_c75236393dba4d9485d606b1967f11df,2026-09-26T17:12:13+00:00,S015,J008,L1,car,11,33.07,MEDIUM,clear,28.632255,77.16715,0.07,local,W,normal
evt_76d230066b0048489eeed80c1c800e7c,2026-09-26T17:12:16+00:00,S018,J002,L2,car,56,10.15,HIGH,cloudy,28.619258,77.174663,0.37,highway,SE,normal
evt_68454f54689641e0a355e2479e5d853f,2026-09-26T17:12:17+00:00,S029,J008,L2,bus,45,28.63,HIGH,clear,28.632315,77.166988,0.3,local,SE,normal
evt_b8b1b701b3da468c9c20ecf81ae5ed68,2026-09-26T17:12:27+00:00,S006,J006,L4,motorcycle,128,9.33,SEVERE,cloudy,28.598421,77.191761,0.85,local,NE,normal
evt_b8aa2ba8ac584c7ca29beec943a8223b,2026-09-26T17:12:31+00:00,S011,J008,L1,car,73,2.15,SEVERE,clear,28.632225,77.166992,0.49,local,NE,normal
evt_d012901a0e2d4c80bb38ec65213db9fe,2026-09-26T17:12:41+00:00,S010,J007,L2,car,22,41.57,MEDIUM,clear,28.654465,77.18509,0.15,arterial,NE,normal
evt_35d6f72d26d2402aaf385a9f7b163457,2026-09-26T17:12:42+00:00,S015,J008,L1,car,70,11.65,HIGH,clear,28.632255,77.16715,0.47,local,W,normal
evt_bd375110b727406c90e17b85af6b3942,2026-09-26T17:12:51+00:00,S003,J001,L2,car,53,15.62,HIGH,clear,28.602648,77.246842,0.35,local,W,normal
evt_b4b4c505a0404147a9d8aaffd5e5a428,2026-09-26T17:12:57+00:00,S001,J005,L1,motorcycle,13,49.12,MEDIUM,clear,28.632102,77.205139,0.09,highway,W,normal
evt_db4ff2743a10443f9d4124223bd22202,2026-09-26T17:13:06+00:00,S024,J001,L1,car,79,13.9,SEVERE,clear,28.602744,77.246835,0.53,local,E,normal
evt_50316bc9d59e4a2c9030e50860bde624,2026-09-26T17:13:14+00:00,S011,J008,L1,car,47,17.34,HIGH,clear,28.632225,77.166992,0.31,local,NE,normal
evt_a3d5c6f1b91041d8839a239c00d7c173,2026-09-26T17:13:19+00:00,S018,J002,L2,car,37,27.07,HIGH,clear,28.619258,77.174663,0.25,highway,SE,normal
evt_800650d4e7714bc39a6625b98148e84b,2026-09-26T17:13:28+00:00,S026,J004,L2,car,121,3.79,SEVERE,clear,28.661812,77.239801,0.81,arterial,W,normal
evt_099fedefea3a41798759d0d3db73896e,2026-09-26T17:13:32+00:00,S015,J008,L1,car,136,3.52,SEVERE,fog,28.632255,77.16715,0.91,local,W,normal
evt_d4fcc830a9744247837e25c051a24aea,2026-09-26T17:13:38+00:00,S004,J003,L2,car,61,11.71,HIGH,cloudy,28.608345,77.180107,0.41,local,NE,normal
evt_69d533c8248d48a2bca77fd2c4e5a984,2026-09-26T17:13:44+00:00,S028,J004,L2,car,47,15.94,HIGH,clear,28.661711,77.239779,0.31,arterial,SE,normal
evt_b2d3a2e53d0f49d89d09610ab58fd0b2,2026-09-26T17:13:46+00:00,S028,J004,L2,auto_rickshaw,31,18.79,HIGH,cloudy,28.661711,77.239779,0.21,arterial,SE,normal
evt_baa2cb0c84f043458ebfb7ab24554e19,2026-09-26T17:13:50+00:00,S027,J003,L1,car,46,11.39,HIGH,clear,28.608199,77.18016,0.31,local,E,normal
evt_6c9aa0595ea04aa9a94143db89d57eec,2026-09-26T17:13:56+00:00,S007,J005,L1,motorcycle,67,10.52,HIGH,clear,28.632115,77.205206,0.45,highway,N,normal
evt_40c773053b73449795f3a482b8c2e14f,2026-09-26T17:14:01+00:00,S027,J003,L1,car,46,21.53,HIGH,cloudy,28.608199,77.18016,0.31,local,E,normal
evt_d5fc2f0f821d43de8e26646d2f450803,2026-09-26T17:14:10+00:00,S005,J006,L5,motorcycle,41,22.29,HIGH,clear,28.59833,77.191644,0.27,local,N,normal
evt_d2c3a5eacf124f1fbdcbabbe4ef90aac,2026-09-26T17:14:14+00:00,S005,J006,L5,car,82,3.74,SEVERE,clear,28.59833,77.191644,0.55,local,N,normal
evt_b405e11cdaf54852ad105908e3bf99d0,2026-09-26T17:14:17+00:00,S028,J004,L2,car,62,22.67,HIGH,clear,28.661711,77.239779,0.41,arterial,SE,normal
evt_79c8d0664c16476d9ba23f54c9b4725f,2026-09-26T17:14:26+00:00,S026,J004,L2,car,31,21.13,HIGH,clear,28.661812,77.239801,0.21,arterial,W,normal
evt_074a8ad5d07e480fa9a774dfc578ea32,2026-09-26T17:14:28+00:00,S019,J008,L2,car,101,1.71,SEVERE,fog,28.632182,77.167019,0.67,local,NE,minor_incident
evt_3430952487834feb86e42ae5f3272215,2026-09-26T17:14:34+00:00,S005,J006,L5,car,90,12.65,SEVERE,clear,28.59833,77.191644,0.6,local,N,normal
evt_8d03a278c703411ebe60e698a784f1ab,2026-09-26T17:14:43+00:00,S015,J008,L1,auto_rickshaw,29,43.23,MEDIUM,clear,28.632255,77.16715,0.19,local,W,normal
evt_d98de16b44404a03bd647de0fc264f0a,2026-09-26T17:14:49+00:00,S015,J008,L1,car,51,28.2,HIGH,clear,28.632255,77.16715,0.34,local,W,normal
evt_0b471f2ec73348f0924b6516738aec81,2026-09-26T17:14:52+00:00,S019,J008,L2,motorcycle,25,32.84,MEDIUM,clear,28.632182,77.167019,0.17,local,NE,normal
evt_f296f3a11fa6458584a916b2f705dbdf,2026-09-26T17:14:56+00:00,S002,J002,L3,auto_rickshaw,70,15.36,HIGH,clear,28.619324,77.174609,0.47,highway,N,normal
evt_b8667958332a4162bbcda3499d1fa687,2026-09-26T17:14:57+00:00,S003,J001,L2,car,19,35.72,MEDIUM,cloudy,28.602648,77.246842,0.13,local,W,normal
evt_aa69b94ff7024306b293646a82b31ce7,2026-09-26T17:15:03+00:00,S015,J008,L1,car,46,16.32,HIGH,cloudy,28.632255,77.16715,0.31,local,W,normal
evt_fec0307ace7f4e7baa4f1e8279dfe68c,2026-09-26T17:15:11+00:00,S009,J005,L2,truck,34,22.33,HIGH,cloudy,28.63221,77.205185,0.23,highway,NW,normal
evt_8d6dce9925984ee2a8118cf92e0b342a,2026-09-26T17:15:21+00:00,S026,J004,L2,car,66,16.62,HIGH,clear,28.661812,77.239801,0.44,arterial,W,normal
evt_8877ccc2db9543cfa1b0224c4a01460f,2026-09-26T17:15:22+00:00,S005,J006,L5,auto_rickshaw,48,14.78,HIGH,fog,28.59833,77.191644,0.32,local,N,normal
evt_108e66e68d974866a089077b67bbd012,2026-09-26T17:15:23+00:00,S025,J003,L2,auto_rickshaw,53,19.1,HIGH,cloudy,28.608349,77.180087,0.35,local,NE,normal
evt_014a5a0a42114cbeb3fadbfcdf6a641d,2026-09-26T17:15:28+00:00,S020,J008,L2,car,24,32.76,MEDIUM,clear,28.63215,77.167047,0.16,local,S,normal
evt_b32a46b6449f41aea4ff9a78b4936277,2026-09-26T17:15:32+00:00,S013,J004,L3,auto_rickshaw,34,21.49,HIGH,clear,28.66172,77.239744,0.23,arterial,E,normal
evt_11e3461531e24d5dba48555dd1c1b80b,2026-09-26T17:15:35+00:00,S023,J009,L3,car,141,0.25,SEVERE,rain,28.64929,77.221191,0.94,highway,NW,normal
evt_787034cc202d411fa44bb8b397c05cb6,2026-09-26T17:15:37+00:00,S011,J008,L1,motorcycle,16,32.45,MEDIUM,clear,28.632225,77.166992,0.11,local,NE,normal
evt_d1a9a1b9a210468583652b03ae153cac,2026-09-26T17:15:39+00:00,S021,J007,L2,car,134,4.48,SEVERE,fog,28.654318,77.185082,0.89,arterial,S,normal
evt_8b37dcba88674d23b21a8e8d703e6457,2026-09-26T17:15:40+00:00,S018,J002,L2,car,34,29.14,HIGH,cloudy,28.619258,77.174663,0.23,highway,SE,normal
evt_99f21ac151b6496ebfd4751e52b6def9,2026-09-26T17:15:49+00:00,S026,J004,L2,motorcycle,57,10.08,HIGH,clear,28.661812,77.239801,0.38,arterial,W,normal
evt_b334db9dd4d644f79d60be1fc08ed659,2026-09-26T17:15:54+00:00,S017,J004,L3,motorcycle,69,28.45,HIGH,cloudy,28.661804,77.239639,0.46,arterial,SW,normal
evt_69aeb64a6eca4f578d3d5a3662a452d4,2026-09-26T17:15:55+00:00,S010,J007,L2,van,47,29.15,HIGH,clear,28.654465,77.18509,0.31,arterial,NE,normal
evt_426bcd09e40f4b349bdba96d5297f468,2026-09-26T17:16:04+00:00,S005,J006,L5,truck,72,1.53,SEVERE,rain,28.59833,77.191644,0.48,local,N,normal
evt_cbc34a4074db47d6bb00e498d2119681,2026-09-26T17:16:11+00:00,S024,J001,L1,truck,120,8.16,SEVERE,clear,28.602744,77.246835,0.8,local,E,normal
evt_7a226b763d7743e585c0893ecb4489a5,2026-09-26T17:16:20+00:00,S003,J001,L2,car,139,5.15,SEVERE,fog,28.602648,77.246842,0.93,local,W,normal
evt_dd443a3a7b864293b2067f0791ac7dfa,2026-09-26T17:16:24+00:00,S021,J007,L2,auto_rickshaw,95,14.74,SEVERE,clear,28.654318,77.185082,0.63,arterial,S,normal
evt_6431e289629145e7a1ab0918b4f1b32d,2026-09-26T17:16:32+00:00,S030,J006,L4,auto_rickshaw,21,33.79,MEDIUM,cloudy,28.598275,77.191626,0.14,local,NW,normal
evt_e0cb33a888c247edbcb8a7e9ee4d1411,2026-09-26T17:16:34+00:00,S029,J008,L2,car,32,21.49,HIGH,clear,28.632315,77.166988,0.21,local,SE,normal
evt_eab50f2169bd4f0dafa700d5c81e6dc3,2026-09-26T17:16:41+00:00,S005,J006,L5,motorcycle,105,6.17,SEVERE,cloudy,28.59833,77.191644,0.7,local,N,normal
evt_375a2d96bbbd4919912cc369455a1529,2026-09-26T17:16:48+00:00,S022,J005,L2,van,42,19.69,HIGH,clear,28.632101,77.20505,0.28,highway,E,normal
evt_e66de4ab1cf14bd3ae1e4516476b16e2,2026-09-26T17:16:54+00:00,S005,J006,L5,car,128,13.73,SEVERE,clear,28.59833,77.191644,0.85,local,N,normal
evt_6055b339775748b0a971c9fe768d8dd5,2026-09-26T17:17:02+00:00,S028,J004,L2,truck,33,24.59,HIGH,clear,28.661711,77.239779,0.22,arterial,SE,normal
evt_bc0c1d2c82fd4cda802f5cee6d9bc931,2026-09-26T17:17:08+00:00,S013,J004,L3,van,126,9.35,SEVERE,fog,28.66172,77.239744,0.84,arterial,E,normal
evt_67eef1d191ba4c9cae6d3c0f4bcdcdf8,2026-09-26T17:17:18+00:00,S019,J008,L2,car,110,1.52,SEVERE,fog,28.632182,77.167019,0.73,local,NE,normal
evt_d314852022ea4bfaa6bf7599c2fb86ff,2026-09-26T17:17:20+00:00,S011,J008,L1,car,46,10.8,HIGH,rain,28.632225,77.166992,0.31,local,NE,normal
evt_b89b4ddf1a2343f9b79cd7005f5ed914,2026-09-26T17:17:30+00:00,S009,J005,L2,car,37,12.99,HIGH,clear,28.63221,77.205185,0.25,highway,NW,normal
evt_2facc54f4d6242f38eaa8b31a7e51309,2026-09-26T17:17:34+00:00,S016,J009,L4,auto_rickshaw,35,29.65,HIGH,clear,28.649299,77.221181,0.23,highway,N,normal
evt_04ff48fd3cb44c19a6a65cd552497766,2026-09-26T17:17:36+00:00,S020,J008,L2,motorcycle,39,28.93,HIGH,clear,28.63215,77.167047,0.26,local,S,normal
evt_78f8f269b6ea4ed7862943e722c0d96f,2026-09-26T17:17:42+00:00,S014,J010,L3,auto_rickshaw,33,14.04,HIGH,clear,28.655334,77.184368,0.22,highway,SW,normal
evt_0070453f88fb4bdeb70236c39a3a095a,2026-09-26T17:17:48+00:00,S002,J002,L3,truck,59,16.54,HIGH,clear,28.619324,77.174609,0.39,highway,N,normal
evt_8007ff15ce6b4f05bdc735aa9aa4e262,2026-09-26T17:17:54+00:00,S009,J005,L2,car,127,6.58,SEVERE,clear,28.63221,77.205185,0.85,highway,NW,normal
evt_a77178bd1a554ed6bbd686b453b64fdd,2026-09-26T17:17:55+00:00,S007,J005,L1,car,56,20.16,HIGH,clear,28.632115,77.205206,0.37,highway,N,normal
evt_de2c3b4da8464bcb888a5547abb8f64f,2026-09-26T17:18:02+00:00,S024,J001,L1,motorcycle,11,39.38,MEDIUM,clear,28.602744,77.246835,0.07,local,E,normal
evt_6f7266339ba249a596776f78cdfb659b,2026-09-26T17:18:04+00:00,S009,J005,L2,motorcycle,28,36.83,MEDIUM,cloudy,28.63221,77.205185,0.19,highway,NW,normal
evt_0b5a244d9a3d44d78e52ba21e34a54a3,2026-09-26T17:18:06+00:00,S009,J005,L2,car,21,30.96,MEDIUM,clear,28.63221,77.205185,0.14,highway,NW,normal
evt_61c212935cb04cb0a308e1f2d184f812,2026-09-26T17:18:11+00:00,S018,J002,L2,auto_rickshaw,72,1.63,SEVERE,rain,28.619258,77.174663,0.48,highway,SE,normal
evt_c1bf9232db824dcab6ca3ca7f0fd0166,2026-09-26T17:18:21+00:00,S007,J005,L1,motorcycle,62,12.21,HIGH,cloudy,28.632115,77.205206,0.41,highway,N,normal
evt_91f012aaee1b416a90895e436f03caf9,2026-09-26T17:18:26+00:00,S008,J006,L6,auto_rickshaw,67,21.93,HIGH,clear,28.598311,77.191609,0.45,local,E,normal
evt_39b575c13690432f914b64a3e4ba0743,2026-09-26T17:18:31+00:00,S026,J004,L2,car,70,27.85,HIGH,clear,28.661812,77.239801,0.47,arterial,W,normal
evt_d29941b388fb4a3a86fbc282262d8503,2026-09-26T17:18:37+00:00,S018,J002,L2,car,73,9.44,SEVERE,rain,28.619258,77.174663,0.49,highway,SE,normal
evt_355c0c0109084fa1aeace584ab8cde5e,2026-09-26T17:18:43+00:00,S022,J005,L2,car,136,4.46,SEVERE,rain,28.632101,77.20505,0.91,highway,E,normal
evt_90f160b3673946bda1b54163f1d445a8,2026-09-26T17:18:45+00:00,S001,J005,L1,van,21,28.43,MEDIUM,clear,28.632102,77.205139,0.14,highway,W,normal
evt_92bbc5c6416a4d01aa7d064b1a6695c5,2026-09-26T17:18:55+00:00,S015,J008,L1,car,29,33.09,MEDIUM,clear,28.632255,77.16715,0.19,local,W,normal
evt_b1b6624ba7ea456f9f170bcd22fcf006,2026-09-26T17:19:05+00:00,S002,J002,L3,motorcycle,74,0.41,SEVERE,fog,28.619324,77.174609,0.49,highway,N,normal
evt_d1cb99234d4640058c207d51f5aa1cc6,2026-09-26T17:19:11+00:00,S011,J008,L1,van,46,22.03,HIGH,rain,28.632225,77.166992,0.31,local,NE,normal
evt_7115c65d61ed46bea5fc255011552832,2026-09-26T17:19:17+00:00,S024,J001,L1,car,33,10.49,HIGH,cloudy,28.602744,77.246835,0.22,local,E,normal
evt_78a914aeed61417f9a2ca3572b5b27f5,2026-09-26T17:19:18+00:00,S025,J003,L2,motorcycle,53,10.73,HIGH,clear,28.608349,77.180087,0.35,local,NE,normal
evt_61eb8ab4d76b4aeba34cb43e95c1ff8f,2026-09-26T17:19:23+00:00,S005,J006,L5,motorcycle,59,28.28,HIGH,clear,28.59833,77.191644,0.39,local,N,normal
evt_5c41a716fdb744a1ae470d3a5c7bd033,2026-09-26T17:19:32+00:00,S030,J006,L4,motorcycle,24,31.51,MEDIUM,cloudy,28.598275,77.191626,0.16,local,NW,normal
evt_bbe8d1146e4f44e995e9680ad16f011f,2026-09-26T17:19:36+00:00,S027,J003,L1,car,146,14.62,SEVERE,clear,28.608199,77.18016,0.97,local,E,normal
evt_66d8e459c7e6490a8880a5c93437ba2e,2026-09-26T17:19:41+00:00,S010,J007,L2,motorcycle,98,7.57,SEVERE,rain,28.654465,77.18509,0.65,arterial,NE,normal
evt_343ddab6b59b4df382464ac6984cb172,2026-09-26T17:19:47+00:00,S013,J004,L3,bus,34,22.31,HIGH,clear,28.66172,77.239744,0.23,arterial,E,normal
evt_f0b2dd0acfc54cab9f45550078a29fc9,2026-09-26T17:19:49+00:00,S021,J007,L2,car,92,1.11,SEVERE,cloudy,28.654318,77.185082,0.61,arterial,S,normal
evt_269e71e307c8434c8befb0ba7d4d3915,2026-09-26T17:19:56+00:00,S019,J008,L2,car,54,20.8,HIGH,clear,28.632182,77.167019,0.36,local,NE,normal
evt_99a6ef701d99407fa789e18ab14cb498,2026-09-26T17:20:01+00:00,S002,J002,L3,car,13,45.96,MEDIUM,clear,28.619324,77.174609,0.09,highway,N,normal
evt_ead87bf0cb7c4d6dbd8a0052fded731a,2026-09-26T17:20:04+00:00,S020,J008,L2,motorcycle,89,1.13,SEVERE,cloudy,28.63215,77.167047,0.59,local,S,normal
evt_3556e7d6d3754905913a6517e39be627,2026-09-26T17:20:08+00:00,S027,J003,L1,auto_rickshaw,63,19.04,HIGH,clear,28.608199,77.18016,0.42,local,E,normal
evt_0cfe0c684f5e49ee9def1dcef46040c9,2026-09-26T17:20:16+00:00,S011,J008,L1,car,53,16.26,HIGH,clear,28.632225,77.166992,0.35,local,NE,normal
evt_f3e09e04ae454db9adec354c273745bf,2026-09-26T17:20:26+00:00,S004,J003,L2,car,13,32.0,MEDIUM,clear,28.608345,77.180107,0.09,local,NE,normal
evt_269a4b41000a4e8ea0cb0be6becfd31c,2026-09-26T17:20:34+00:00,S016,J009,L4,car,12,46.98,MEDIUM,clear,28.649299,77.221181,0.08,highway,N,normal
evt_5734f202d2554e56a1a68a06d5295735,2026-09-26T17:20:39+00:00,S012,J006,L3,car,35,12.89,HIGH,clear,28.598354,77.191618,0.23,local,NW,normal
evt_f4cf9c3bd4d74154bb28eb6cf8b86e36,2026-09-26T17:20:45+00:00,S019,J008,L2,bus,137,6.74,SEVERE,clear,28.632182,77.167019,0.91,local,NE,major_incident
evt_02400e2e8edb4f2983e66703409e68a1,2026-09-26T17:20:53+00:00,S022,J005,L2,motorcycle,129,10.59,SEVERE,rain,28.632101,77.20505,0.86,highway,E,normal
evt_125108d7e90c4c11836e900bb63d2ecd,2026-09-26T17:20:54+00:00,S022,J005,L2,van,91,6.74,SEVERE,clear,28.632101,77.20505,0.61,highway,E,normal
evt_33aac8f874d64ddcbd725df0009b61da,2026-09-26T17:20:56+00:00,S025,J003,L2,car,47,18.67,HIGH,clear,28.608349,77.180087,0.31,local,NE,normal
evt_9700c55af2d6465399816f79a40a300e,2026-09-26T17:21:01+00:00,S007,J005,L1,motorcycle,53,22.6,HIGH,rain,28.632115,77.205206,0.35,highway,N,normal
evt_2ff0e962b0dc42a5913340371a5efe17,2026-09-26T17:21:04+00:00,S015,J008,L1,car,65,24.52,HIGH,clear,28.632255,77.16715,0.43,local,W,normal
evt_ba3ae51219724087887c4ecfbd06947c,2026-09-26T17:21:14+00:00,S006,J006,L4,car,53,18.93,HIGH,clear,28.598421,77.191761,0.35,local,NE,normal
evt_397ad54afe854f5087208317349918ca,2026-09-26T17:21:24+00:00,S014,J010,L3,car,43,25.18,HIGH,clear,28.655334,77.184368,0.29,highway,SW,normal
evt_909e4d03b4274a28bd3b3e3990b2175f,2026-09-26T17:21:26+00:00,S021,J007,L2,motorcycle,85,4.49,SEVERE,rain,28.654318,77.185082,0.57,arterial,S,normal
evt_b63d1b41eb284caba06daa628d06d8de,2026-09-26T17:21:27+00:00,S002,J002,L3,motorcycle,34,16.22,HIGH,clear,28.619324,77.174609,0.23,highway,N,normal
evt_23774e4480fc40039fb9da10d8ae4cd6,2026-09-26T17:21:35+00:00,S029,J008,L2,car,52,7.89,HIGH,rain,28.632315,77.166988,0.35,local,SE,normal
evt_87df45ea39e74a5fafb5551a6e2a118c,2026-09-26T17:21:38+00:00,S008,J006,L6,van,47,21.97,HIGH,clear,28.598311,77.191609,0.31,local,E,normal
evt_faae338c402c4a2d80999f7e2a2340e7,2026-09-26T17:21:45+00:00,S005,J006,L5,motorcycle,133,9.43,SEVERE,fog,28.59833,77.191644,0.89,local,N,normal
evt_8fd807238b694efd89c70436e37a1806,2026-09-26T17:21:52+00:00,S001,J005,L1,motorcycle,116,11.73,SEVERE,clear,28.632102,77.205139,0.77,highway,W,normal
evt_933d7f44bd57434e9392f4f886ebd6bb,2026-09-26T17:21:55+00:00,S015,J008,L1,motorcycle,32,27.91,HIGH,clear,28.632255,77.16715,0.21,local,W,normal
evt_16ff0b38745d440ca93b3e3e1c9ea441,2026-09-26T17:22:02+00:00,S030,J006,L4,car,84,10.18,SEVERE,cloudy,28.598275,77.191626,0.56,local,NW,normal
evt_a0cee1ea866f45719f91805bb0c55464,2026-09-26T17:22:04+00:00,S002,J002,L3,car,33,25.95,HIGH,clear,28.619324,77.174609,0.22,highway,N,normal
evt_fef4f20023e74005a3d2bddcdb555f85,2026-09-26T17:22:05+00:00,S015,J008,L1,car,79,4.95,SEVERE,rain,28.632255,77.16715,0.53,local,W,normal
evt_31225f8b364f4755b339f0fd4d66783b,2026-09-26T17:22:09+00:00,S001,J005,L1,car,85,14.36,SEVERE,cloudy,28.632102,77.205139,0.57,highway,W,minor_incident
evt_57b24388bf2a49a8bb4389b8361f4c71,2026-09-26T17:22:13+00:00,S021,J007,L2,auto_rickshaw,65,28.72,HIGH,cloudy,28.654318,77.185082,0.43,arterial,S,normal
evt_46cb30b5ee644802b2dcf5ba19ecc449,2026-09-26T17:22:22+00:00,S022,J005,L2,car,132,1.96,SEVERE,rain,28.632101,77.20505,0.88,highway,E,normal
evt_f8301d4e1f4e468faed081c476a1afad,2026-09-26T17:22:26+00:00,S025,J003,L2,van,62,27.4,HIGH,cloudy,28.608349,77.180087,0.41,local,NE,normal
evt_faf5b9b2200a4cfca355a52b7973f29f,2026-09-26T17:22:34+00:00,S025,J003,L2,truck,57,28.92,HIGH,clear,28.608349,77.180087,0.38,local,NE,normal
evt_857a590f8d6d4a13860b9bcc99add6b1,2026-09-26T17:22:37+00:00,S026,J004,L2,car,35,16.0,HIGH,clear,28.661812,77.239801,0.23,arterial,W,normal
evt_3656f5b609c543dbb9904bbb03056ae3,2026-09-26T17:22:46+00:00,S005,J006,L5,car,124,3.59,SEVERE,rain,28.59833,77.191644,0.83,local,N,normal
evt_591d838cb80b493e8b7642c8a57d057f,2026-09-26T17:22:49+00:00,S019,J008,L2,motorcycle,130,14.94,SEVERE,cloudy,28.632182,77.167019,0.87,local,NE,normal
evt_689ac18e844e480098d2776120692ab0,2026-09-26T17:22:51+00:00,S010,J007,L2,car,42,23.36,HIGH,clear,28.654465,77.18509,0.28,arterial,NE,normal
evt_aee332d4d4db458e840f964ffc2e601a,2026-09-26T17:22:55+00:00,S019,J008,L2,auto_rickshaw,67,25.96,HIGH,clear,28.632182,77.167019,0.45,local,NE,normal
evt_478cd5b93f384e588ca71a11ffe389b0,2026-09-26T17:22:58+00:00,S003,J001,L2,car,55,29.92,HIGH,clear,28.602648,77.246842,0.37,local,W,normal
evt_655974beabf64cd88472628ed0aa02c7,2026-09-26T17:23:07+00:00,S014,J010,L3,car,134,2.91,SEVERE,rain,28.655334,77.184368,0.89,highway,SW,normal
evt_f88d09c3b8844d80b2a3ab65a409fab8,2026-09-26T17:23:09+00:00,S019,J008,L2,motorcycle,113,7.74,SEVERE,rain,28.632182,77.167019,0.75,local,NE,normal
evt_a8eaa74fee1b4c959cdc6766048497a2,2026-09-26T17:23:19+00:00,S006,J006,L4,car,89,13.3,SEVERE,cloudy,28.598421,77.191761,0.59,local,NE,normal
evt_1399ca97ffa549e9b18a661a59fc0f9f,2026-09-26T17:23:21+00:00,S008,J006,L6,car,33,19.8,HIGH,rain,28.598311,77.191609,0.22,local,E,normal
evt_343fa59a8bfa4f71a4f7540548cbc4ea,2026-09-26T17:23:25+00:00,S026,J004,L2,motorcycle,70,24.18,HIGH,clear,28.661812,77.239801,0.47,arterial,W,normal
evt_f10ad73b7140485fabf689a48a316d58,2026-09-26T17:23:26+00:00,S022,J005,L2,car,89,1.81,SEVERE,rain,28.632101,77.20505,0.59,highway,E,normal
evt_c71d20ee27374c75a814fce9746c031b,2026-09-26T17:23:36+00:00,S009,J005,L2,car,107,13.1,SEVERE,cloudy,28.63221,77.205185,0.71,highway,NW,normal
evt_023ac664fcbc473e94e598652dd41b03,2026-09-26T17:23:44+00:00,S025,J003,L2,truck,62,26.45,HIGH,cloudy,28.608349,77.180087,0.41,local,NE,normal
evt_624059adb96842568e08770bc8f40aa2,2026-09-26T17:23:51+00:00,S022,J005,L2,van,48,21.87,HIGH,clear,28.632101,77.20505,0.32,highway,E,normal
evt_f46e4f4c4a4b4c08a22df73a046b72c3,2026-09-26T17:24:01+00:00,S023,J009,L3,car,24,44.46,MEDIUM,cloudy,28.64929,77.221191,0.16,highway,NW,normal
evt_9ac937c9619f4a10a5ca73c1af79d8b9,2026-09-26T17:24:02+00:00,S014,J010,L3,auto_rickshaw,41,16.83,HIGH,clear,28.655334,77.184368,0.27,highway,SW,normal
evt_c16152ac991d4dd4bd18e9f60819c1d2,2026-09-26T17:24:03+00:00,S021,J007,L2,car,146,6.09,SEVERE,rain,28.654318,77.185082,0.97,arterial,S,normal
evt_2be486a241084c478456b995aef830e5,2026-09-26T17:24:07+00:00,S029,J008,L2,bus,46,28.15,HIGH,clear,28.632315,77.166988,0.31,local,SE,normal
evt_171d8f2cf0744a76b325df044cc9ba9d,2026-09-26T17:24:13+00:00,S022,J005,L2,car,33,15.73,HIGH,rain,28.632101,77.20505,0.22,highway,E,normal
evt_3fe95142c5fc468587636d308e73a1a3,2026-09-26T17:24:22+00:00,S006,J006,L4,van,88,1.84,SEVERE,clear,28.598421,77.191761,0.59,local,NE,normal
evt_b859910841524e9aa27e0b89b7451a19,2026-09-26T17:24:25+00:00,S018,J002,L2,car,68,29.91,HIGH,clear,28.619258,77.174663,0.45,highway,SE,normal
evt_c90e22b34976491e8cf8aa2707986ca5,2026-09-26T17:24:34+00:00,S016,J009,L4,motorcycle,44,27.61,HIGH,clear,28.649299,77.221181,0.29,highway,N,normal
evt_3e389267fce84f41ab08011a7d8324d5,2026-09-26T17:24:40+00:00,S005,J006,L5,motorcycle,61,14.6,HIGH,clear,28.59833,77.191644,0.41,local,N,normal
evt_bc0b373c8de24d3cbd53fae605fc6d5f,2026-09-26T17:24:43+00:00,S028,J004,L2,motorcycle,93,3.45,SEVERE,rain,28.661711,77.239779,0.62,arterial,SE,normal
evt_11da905a0e204e228fdad636eaa52b65,2026-09-26T17:24:47+00:00,S030,J006,L4,auto_rickshaw,18,43.55,MEDIUM,clear,28.598275,77.191626,0.12,local,NW,normal
evt_8b3b10761a684e60a66c2209ebb1b3dd,2026-09-26T17:24:50+00:00,S026,J004,L2,car,57,28.74,HIGH,clear,28.661812,77.239801,0.38,arterial,W,normal
evt_4d19b3432baa4b98b4313aa8de2903d3,2026-09-26T17:24:58+00:00,S028,J004,L2,motorcycle,112,10.4,SEVERE,rain,28.661711,77.239779,0.75,arterial,SE,normal
evt_59a9f024633745489a4505d2b246d82e,2026-09-26T17:25:06+00:00,S029,J008,L2,car,59,21.47,HIGH,clear,28.632315,77.166988,0.39,local,SE,normal
evt_4d265f67094b4e64b288cbac5f1e4211,2026-09-26T17:25:09+00:00,S011,J008,L1,motorcycle,42,17.16,HIGH,clear,28.632225,77.166992,0.28,local,NE,normal
evt_4989155b14384486a3d80d5f3612ed43,2026-09-26T17:25:13+00:00,S003,J001,L2,car,65,17.14,HIGH,clear,28.602648,77.246842,0.43,local,W,normal
evt_424483119d2a457fb6e76d919817a7b9,2026-09-26T17:25:23+00:00,S004,J003,L2,motorcycle,61,19.36,HIGH,cloudy,28.608345,77.180107,0.41,local,NE,normal
evt_7cfa08085ade403e8e5e3da3e5fd7560,2026-09-26T17:25:33+00:00,S025,J003,L2,car,147,4.8,SEVERE,rain,28.608349,77.180087,0.98,local,NE,normal
evt_e63648f239744fd78ca0c5ae57b581c1,2026-09-26T17:25:40+00:00,S002,J002,L3,car,99,9.67,SEVERE,cloudy,28.619324,77.174609,0.66,highway,N,normal
evt_682670eb7dd14d25a2f135e619a01b07,2026-09-26T17:25:45+00:00,S001,J005,L1,auto_rickshaw,38,14.08,HIGH,clear,28.632102,77.205139,0.25,highway,W,normal
evt_53c8d06f8f1a4650b2f743fc91d5e975,2026-09-26T17:25:55+00:00,S018,J002,L2,motorcycle,41,20.71,HIGH,rain,28.619258,77.174663,0.27,highway,SE,normal
evt_c6649ca607fc4643b843a7d499ca2fe4,2026-09-26T17:25:59+00:00,S009,J005,L2,car,59,14.65,HIGH,rain,28.63221,77.205185,0.39,highway,NW,normal
evt_da39077efbd94dd0a4ecb43aa198c83b,2026-09-26T17:26:04+00:00,S023,J009,L3,auto_rickshaw,107,5.57,SEVERE,clear,28.64929,77.221191,0.71,highway,NW,normal
evt_75ac624e260e4ea99ff11d82dae999fa,2026-09-26T17:26:10+00:00,S001,J005,L1,motorcycle,84,1.4,SEVERE,rain,28.632102,77.205139,0.56,highway,W,normal
evt_9b2ae6bf7ad94f3cb947da19e5e0b82e,2026-09-26T17:26:16+00:00,S023,J009,L3,car,124,10.7,SEVERE,rain,28.64929,77.221191,0.83,highway,NW,normal
evt_6d7231e585684b7cb13692050f9a63ef,2026-09-26T17:26:24+00:00,S002,J002,L3,motorcycle,118,9.68,SEVERE,rain,28.619324,77.174609,0.79,highway,N,normal
evt_16ccf7d1e1e441ce9c107b34a6548e67,2026-09-26T17:26:31+00:00,S014,J010,L3,car,54,27.75,HIGH,clear,28.655334,77.184368,0.36,highway,SW,normal
evt_5787045adaf24615a2fd3805158623ed,2026-09-26T17:26:41+00:00,S004,J003,L2,car,33,20.91,HIGH,cloudy,28.608345,77.180107,0.22,local,NE,normal
evt_02e50b20c5e74b168ac37f486bc1ceae,2026-09-26T17:26:49+00:00,S004,J003,L2,car,55,19.61,HIGH,clear,28.608345,77.180107,0.37,local,NE,normal
evt_957370dcb68d4141acdd23f43116f5b5,2026-09-26T17:26:54+00:00,S025,J003,L2,truck,52,19.57,HIGH,rain,28.608349,77.180087,0.35,local,NE,normal
evt_8fe50556084440409a9054d6537e2fec,2026-09-26T17:27:00+00:00,S012,J006,L3,car,77,7.04,SEVERE,cloudy,28.598354,77.191618,0.51,local,NW,normal
evt_4d45a1067eb642f28c3ac529f24797d2,2026-09-26T17:27:10+00:00,S012,J006,L3,car,60,25.34,HIGH,clear,28.598354,77.191618,0.4,local,NW,normal
evt_f6b3c829b75a404a9052485864fad26f,2026-09-26T17:27:16+00:00,S017,J004,L3,car,18,41.55,MEDIUM,clear,28.661804,77.239639,0.12,arterial,SW,normal
evt_8255698056c04078be310315b745e896,2026-09-26T17:27:19+00:00,S013,J004,L3,car,111,11.5,SEVERE,clear,28.66172,77.239744,0.74,arterial,E,normal
evt_4d3178ef9a6f4e0695a9302b1fcdf36c,2026-09-26T17:27:28+00:00,S013,J004,L3,car,148,3.67,SEVERE,rain,28.66172,77.239744,0.99,arterial,E,normal
evt_52e6d807efe14be0b679097554cdf4a3,2026-09-26T17:27:36+00:00,S019,J008,L2,motorcycle,128,7.19,SEVERE,clear,28.632182,77.167019,0.85,local,NE,normal
evt_25ac55e8abcf4c5591e0a56bccd2a1ea,2026-09-26T17:27:44+00:00,S015,J008,L1,car,141,0.04,SEVERE,clear,28.632255,77.16715,0.94,local,W,normal
evt_6661c673915d4bbbae0a44ccb0e1bd75,2026-09-26T17:27:46+00:00,S006,J006,L4,auto_rickshaw,49,20.64,HIGH,cloudy,28.598421,77.191761,0.33,local,NE,normal
evt_f7ed932db1e64093ba96adfd65c9222a,2026-09-26T17:27:53+00:00,S010,J007,L2,car,36,10.43,HIGH,clear,28.654465,77.18509,0.24,arterial,NE,normal
evt_00d447a2fbc74fc1ad1a1ea977a2211f,2026-09-26T17:27:55+00:00,S014,J010,L3,car,36,27.45,HIGH,clear,28.655334,77.184368,0.24,highway,SW,normal
evt_80331920f28d43ddb765e7d16cc98319,2026-09-26T17:28:03+00:00,S016,J009,L4,car,41,22.34,HIGH,clear,28.649299,77.221181,0.27,highway,N,normal
evt_046739d28f4e43e9a322348508d55814,2026-09-26T17:28:05+00:00,S015,J008,L1,auto_rickshaw,139,7.22,SEVERE,rain,28.632255,77.16715,0.93,local,W,normal
evt_72a61bcb737445179eb63a35c5686224,2026-09-26T17:28:15+00:00,S014,J010,L3,motorcycle,21,38.6,MEDIUM,clear,28.655334,77.184368,0.14,highway,SW,normal
evt_d7b48455aa454e0195f2e20f94c46615,2026-09-26T17:28:24+00:00,S030,J006,L4,car,39,21.62,HIGH,clear,28.598275,77.191626,0.26,local,NW,minor_incident
evt_907b11a6c9ed4c0198a14824fa0e44e8,2026-09-26T17:28:33+00:00,S003,J001,L2,auto_rickshaw,36,12.06,HIGH,clear,28.602648,77.246842,0.24,local,W,normal
evt_06625de0efd645a5aac30ad835b319ec,2026-09-26T17:28:34+00:00,S003,J001,L2,motorcycle,34,25.24,HIGH,clear,28.602648,77.246842,0.23,local,W,normal
evt_79d76db619a04485aabf9e0a315c573f,2026-09-26T17:28:42+00:00,S005,J006,L5,motorcycle,68,20.2,HIGH,cloudy,28.59833,77.191644,0.45,local,N,minor_incident
evt_82839b8d065745f38998200f4af1c4b2,2026-09-26T17:28:49+00:00,S010,J007,L2,motorcycle,60,18.4,HIGH,clear,28.654465,77.18509,0.4,arterial,NE,normal
evt_212c6d4db40f4bf4bda7f935333a8232,2026-09-26T17:28:58+00:00,S029,J008,L2,motorcycle,134,3.03,SEVERE,clear,28.632315,77.166988,0.89,local,SE,major_incident
evt_62d65a9dd61b4ad7b73d670c979fa090,2026-09-26T17:29:00+00:00,S029,J008,L2,motorcycle,29,49.61,MEDIUM,cloudy,28.632315,77.166988,0.19,local,SE,normal
evt_d8a2ea2467334405abfdb6b608f2e378,2026-09-26T17:29:05+00:00,S014,J010,L3,car,49,22.78,HIGH,cloudy,28.655334,77.184368,0.33,highway,SW,normal
evt_504c2a38df694175924fdf453918ecb5,2026-09-26T17:29:06+00:00,S017,J004,L3,car,68,12.19,HIGH,clear,28.661804,77.239639,0.45,arterial,SW,normal
evt_54dbabcfe1e243c291d93e936abbdbbb,2026-09-26T17:29:12+00:00,S017,J004,L3,bus,66,25.03,HIGH,clear,28.661804,77.239639,0.44,arterial,SW,normal
evt_ff49f64a2185443a8b80b41402854b37,2026-09-26T17:29:15+00:00,S004,J003,L2,truck,68,23.65,HIGH,clear,28.608345,77.180107,0.45,local,NE,normal
evt_7284db45cf5a4930b9bc212539088a8e,2026-09-26T17:29:18+00:00,S024,J001,L1,car,64,23.25,HIGH,clear,28.602744,77.246835,0.43,local,E,normal
evt_32756eec72dc4926be002fe5d7333f2e,2026-09-26T17:29:26+00:00,S026,J004,L2,car,147,5.91,SEVERE,cloudy,28.661812,77.239801,0.98,arterial,W,normal
evt_3a1a71ff5aaf492bad24974d028d4b5e,2026-09-26T17:29:31+00:00,S010,J007,L2,car,20,30.59,MEDIUM,clear,28.654465,77.18509,0.13,arterial,NE,normal
evt_2ee169eeef5143cd9da40cda63ceb2cb,2026-09-26T17:29:33+00:00,S002,J002,L3,auto_rickshaw,134,6.48,SEVERE,clear,28.619324,77.174609,0.89,highway,N,normal
evt_268ee83c1812431c8c2422f31ad1c783,2026-09-26T17:29:37+00:00,S018,J002,L2,car,45,10.25,HIGH,cloudy,28.619258,77.174663,0.3,highway,SE,normal
evt_e5edc94fa8884b82b5dfc35b1d64fa35,2026-09-26T17:29:42+00:00,S018,J002,L2,car,53,23.28,HIGH,clear,28.619258,77.174663,0.35,highway,SE,normal
evt_90fe0e4a1e654abba9ddb7d83824e649,2026-09-26T17:29:45+00:00,S012,J006,L3,car,108,4.49,SEVERE,fog,28.598354,77.191618,0.72,local,NW,normal
evt_ea29fb74f88a42f4882f22ca5880923f,2026-09-26T17:29:49+00:00,S013,J004,L3,car,98,10.87,SEVERE,rain,28.66172,77.239744,0.65,arterial,E,normal
evt_da019e9f2a8440ca95824e294bd2c6bd,2026-09-26T17:29:54+00:00,S028,J004,L2,car,92,13.98,SEVERE,cloudy,28.661711,77.239779,0.61,arterial,SE,normal
evt_bca5242d6ae44d0b90c50d2e06998f2e,2026-09-26T17:29:55+00:00,S001,J005,L1,car,64,26.71,HIGH,clear,28.632102,77.205139,0.43,highway,W,normal
evt_95c5bf5e2315446998084d338ddc5c2f,2026-09-26T17:30:00+00:00,S012,J006,L3,car,41,11.92,HIGH,clear,28.598354,77.191618,0.27,local,NW,normal
evt_af8c9befe3ad43a7b68683b1e080e0b5,2026-09-26T17:30:10+00:00,S003,J001,L2,car,46,22.24,HIGH,clear,28.602648,77.246842,0.31,local,W,normal
evt_246404b7699342f890f65103b94d3ba5,2026-09-26T17:30:18+00:00,S001,J005,L1,car,105,9.04,SEVERE,rain,28.632102,77.205139,0.7,highway,W,normal
evt_ecae92248a624c82afa59f308c526f31,2026-09-26T17:30:23+00:00,S010,J007,L2,car,102,4.0,SEVERE,cloudy,28.654465,77.18509,0.68,arterial,NE,normal
evt_b7dd5b3d6ce74f19b91ba4dd59b6229c,2026-09-26T17:30:30+00:00,S002,J002,L3,truck,56,29.45,HIGH,clear,28.619324,77.174609,0.37,highway,N,normal
evt_8ac3a7ae258b45549cd961f3b1d8ba5f,2026-09-26T17:30:32+00:00,S020,J008,L2,car,35,29.83,HIGH,clear,28.63215,77.167047,0.23,local,S,normal
evt_a7ce1b475313450b9d49636c4dc80d83,2026-09-26T17:30:41+00:00,S004,J003,L2,car,78,8.28,SEVERE,fog,28.608345,77.180107,0.52,local,NE,normal
evt_0553e217d0c3474394cc870005fe59f6,2026-09-26T17:30:47+00:00,S030,J006,L4,car,146,3.51,SEVERE,rain,28.598275,77.191626,0.97,local,NW,normal
evt_2e04596639ed403489e6773a3705cab7,2026-09-26T17:30:54+00:00,S019,J008,L2,truck,35,10.97,HIGH,clear,28.632182,77.167019,0.23,local,NE,normal
evt_784724732ec14a46a019fc9a6d457f01,2026-09-26T17:30:59+00:00,S028,J004,L2,car,31,29.77,HIGH,cloudy,28.661711,77.239779,0.21,arterial,SE,normal
evt_cba9c99769fe41dc9c4976f1d38b517c,2026-09-26T17:31:02+00:00,S006,J006,L4,motorcycle,105,1.93,SEVERE,clear,28.598421,77.191761,0.7,local,NE,normal
evt_caff9ccc9002431e8afedbe761f4fca6,2026-09-26T17:31:11+00:00,S020,J008,L2,car,126,0.0,SEVERE,clear,28.63215,77.167047,0.84,local,S,normal
evt_ea063befa0db4cb9b1d50e76d629df0c,2026-09-26T17:31:17+00:00,S010,J007,L2,auto_rickshaw,92,5.87,SEVERE,clear,28.654465,77.18509,0.61,arterial,NE,normal
evt_d1e0d6ee65f54dba8e6261491389816b,2026-09-26T17:31:21+00:00,S023,J009,L3,car,23,43.78,MEDIUM,clear,28.64929,77.221191,0.15,highway,NW,normal
evt_9d4eefe27d8d4e618539fd69e07a0798,2026-09-26T17:31:25+00:00,S028,J004,L2,bus,107,9.33,SEVERE,clear,28.661711,77.239779,0.71,arterial,SE,normal
evt_195291238b5c4938ad5238129dbe752c,2026-09-26T17:31:34+00:00,S020,J008,L2,van,76,0.64,SEVERE,clear,28.63215,77.167047,0.51,local,S,normal
evt_0d169df5d0534e17b76adfd6f101eedc,2026-09-26T17:31:37+00:00,S014,J010,L3,car,20,34.96,MEDIUM,cloudy,28.655334,77.184368,0.13,highway,SW,normal
evt_404647428ec24a2c8c5666911fc0bef8,2026-09-26T17:31:45+00:00,S027,J003,L1,motorcycle,21,25.65,MEDIUM,clear,28.608199,77.18016,0.14,local,E,normal
evt_04454db643bc45bab38ebe9b86993600,2026-09-26T17:31:52+00:00,S024,J001,L1,car,100,7.61,SEVERE,rain,28.602744,77.246835,0.67,local,E,normal
evt_5096847519d3439eb09a9d70dc77dd13,2026-09-26T17:32:01+00:00,S002,J002,L3,van,71,7.93,SEVERE,fog,28.619324,77.174609,0.47,highway,N,normal
evt_945a38ca00e14e61b65615277c93ed2a,2026-09-26T17:32:03+00:00,S012,J006,L3,auto_rickshaw,75,9.26,SEVERE,clear,28.598354,77.191618,0.5,local,NW,normal
evt_a64ca92de3dc4150920e8016c3f71171,2026-09-26T17:32:06+00:00,S027,J003,L1,car,60,15.92,HIGH,clear,28.608199,77.18016,0.4,local,E,normal
evt_ab7e414f323b4d13868c3178d593c1b7,2026-09-26T17:32:10+00:00,S028,J004,L2,car,75,11.13,SEVERE,rain,28.661711,77.239779,0.5,arterial,SE,normal
evt_bfae1bb08cfe486ab440bc0726c3eb65,2026-09-26T17:32:15+00:00,S020,J008,L2,car,81,4.77,SEVERE,clear,28.63215,77.167047,0.54,local,S,normal
evt_c36fc6815bc348039c5bc3c12f7b50e9,2026-09-26T17:32:17+00:00,S019,J008,L2,auto_rickshaw,49,17.33,HIGH,clear,28.632182,77.167019,0.33,local,NE,normal
evt_08b2276e864240069650ba66c34ec9ca,2026-09-26T17:32:18+00:00,S013,J004,L3,car,136,3.74,SEVERE,rain,28.66172,77.239744,0.91,arterial,E,normal
evt_8f211bae6a4c4a7aad0690de123efcce,2026-09-26T17:32:27+00:00,S027,J003,L1,car,105,8.89,SEVERE,rain,28.608199,77.18016,0.7,local,E,normal
evt_2d4ada77e2a443b18ec5ebe1475f3015,2026-09-26T17:32:37+00:00,S003,J001,L2,car,34,15.02,HIGH,clear,28.602648,77.246842,0.23,local,W,normal
evt_b4c62a87d23745efbc7acf3daf1ae25b,2026-09-26T17:32:46+00:00,S017,J004,L3,car,138,1.88,SEVERE,clear,28.661804,77.239639,0.92,arterial,SW,normal
evt_420a6405a9ed4f5a8d6d10863f5f78cc,2026-09-26T17:32:49+00:00,S024,J001,L1,car,16,27.32,MEDIUM,clear,28.602744,77.246835,0.11,local,E,normal
evt_d2ffafbe1b4446129e696c1711333f98,2026-09-26T17:32:50+00:00,S016,J009,L4,car,67,11.67,HIGH,clear,28.649299,77.221181,0.45,highway,N,normal
evt_1894e59555b745389ada7d552d38ecf1,2026-09-26T17:32:55+00:00,S021,J007,L2,truck,17,39.03,MEDIUM,cloudy,28.654318,77.185082,0.11,arterial,S,normal
evt_b5f1b6e94f4745f68c1db5f1fe1d5b69,2026-09-26T17:32:56+00:00,S023,J009,L3,car,95,4.41,SEVERE,fog,28.64929,77.221191,0.63,highway,NW,normal
evt_646c77876ea14d2195c49c714505fea5,2026-09-26T17:32:58+00:00,S003,J001,L2,car,121,13.5,SEVERE,clear,28.602648,77.246842,0.81,local,W,normal
evt_f4e99bb0eefa4175b439b8c9ce49a8a5,2026-09-26T17:33:03+00:00,S007,J005,L1,car,34,21.66,HIGH,clear,28.632115,77.205206,0.23,highway,N,normal
evt_1de296b40b0d4cfaad8b876c728bea1e,2026-09-26T17:33:10+00:00,S028,J004,L2,car,50,19.11,HIGH,cloudy,28.661711,77.239779,0.33,arterial,SE,normal
evt_05a0ea92677944a0bd62bb1511d400df,2026-09-26T17:33:12+00:00,S001,J005,L1,car,31,17.46,HIGH,clear,28.632102,77.205139,0.21,highway,W,normal
evt_5f107935abb24c4389c24a471acddfda,2026-09-26T17:33:14+00:00,S016,J009,L4,car,69,21.13,HIGH,clear,28.649299,77.221181,0.46,highway,N,normal
evt_b24361524340458d80a404a37b674250,2026-09-26T17:33:21+00:00,S024,J001,L1,car,150,0.8,SEVERE,cloudy,28.602744,77.246835,1.0,local,E,normal
evt_ad277182ff7f429a80ffb97daf95a5fc,2026-09-26T17:33:26+00:00,S025,J003,L2,car,69,19.25,HIGH,clear,28.608349,77.180087,0.46,local,NE,normal
evt_b7249a88b9414ebd9b50fafe00eedfe2,2026-09-26T17:33:29+00:00,S018,J002,L2,car,46,17.04,HIGH,clear,28.619258,77.174663,0.31,highway,SE,normal
evt_95a571db89a5464caa10ea5731e38bd2,2026-09-26T17:33:30+00:00,S011,J008,L1,car,47,29.07,HIGH,clear,28.632225,77.166992,0.31,local,NE,normal
evt_177dc28ff97540b9a23bc566aa78e0b2,2026-09-26T17:33:33+00:00,S002,J002,L3,auto_rickshaw,65,21.13,HIGH,clear,28.619324,77.174609,0.43,highway,N,normal
evt_b699664bf766423f8211d78b523e95a3,2026-09-26T17:33:41+00:00,S026,J004,L2,motorcycle,34,29.92,HIGH,cloudy,28.661812,77.239801,0.23,arterial,W,normal
evt_5da6375207cc4eeea91d1fb2975dbe7a,2026-09-26T17:33:46+00:00,S007,J005,L1,car,66,23.36,HIGH,cloudy,28.632115,77.205206,0.44,highway,N,normal
evt_7ab6a5d99b294c6e9b3029729c190b15,2026-09-26T17:33:53+00:00,S019,J008,L2,car,150,13.08,SEVERE,clear,28.632182,77.167019,1.0,local,NE,normal
evt_c3eae76b3d7e426fb1473f44e670d96b,2026-09-26T17:34:03+00:00,S004,J003,L2,motorcycle,147,1.23,SEVERE,rain,28.608345,77.180107,0.98,local,NE,normal
evt_7df850a5d7d8407180622d8ad8a5f479,2026-09-26T17:34:12+00:00,S003,J001,L2,motorcycle,126,8.56,SEVERE,clear,28.602648,77.246842,0.84,local,W,normal
evt_3f484f98b90b4dc996d0603cdd5279cb,2026-09-26T17:34:17+00:00,S015,J008,L1,car,50,24.98,HIGH,clear,28.632255,77.16715,0.33,local,W,normal
evt_1bbf9da0327a4e04892175446b2c2e51,2026-09-26T17:34:19+00:00,S024,J001,L1,motorcycle,121,13.03,SEVERE,cloudy,28.602744,77.246835,0.81,local,E,normal
evt_b16d7267e2ce40e58f20e296931f8c4a,2026-09-26T17:34:23+00:00,S004,J003,L2,motorcycle,83,4.46,SEVERE,cloudy,28.608345,77.180107,0.55,local,NE,normal
evt_9debcd2033c049afacf59401d0ab5388,2026-09-26T17:34:24+00:00,S002,J002,L3,car,18,48.48,MEDIUM,clear,28.619324,77.174609,0.12,highway,N,normal
evt_627f9103668a405ab06fcb023d368da7,2026-09-26T17:34:31+00:00,S005,J006,L5,car,14,33.44,MEDIUM,clear,28.59833,77.191644,0.09,local,N,normal
evt_541e70c075814e8794da503d6892eb4d,2026-09-26T17:34:35+00:00,S017,J004,L3,car,44,20.51,HIGH,clear,28.661804,77.239639,0.29,arterial,SW,normal
evt_815a4ec98ac04484aba54e6e125b603a,2026-09-26T17:34:41+00:00,S004,J003,L2,motorcycle,121,0.12,SEVERE,clear,28.608345,77.180107,0.81,local,NE,normal
evt_6dda7c2ecf8c4b8d840375c9f24732b7,2026-09-26T17:34:43+00:00,S011,J008,L1,car,91,2.26,SEVERE,clear,28.632225,77.166992,0.61,local,NE,normal
evt_bd9cb51dcedb4533bd0674e5044a3cef,2026-09-26T17:34:44+00:00,S028,J004,L2,motorcycle,25,43.32,MEDIUM,clear,28.661711,77.239779,0.17,arterial,SE,normal
evt_f8ff01052d524223a43df12cf5c6923f,2026-09-26T17:34:53+00:00,S026,J004,L2,auto_rickshaw,62,27.42,HIGH,clear,28.661812,77.239801,0.41,arterial,W,normal
evt_bfb44e467b4842abb00b46b06cef29aa,2026-09-26T17:34:54+00:00,S010,J007,L2,car,51,13.24,HIGH,clear,28.654465,77.18509,0.34,arterial,NE,normal
evt_300514f838ad4f0593b5a63be1c6ed43,2026-09-26T17:35:01+00:00,S014,J010,L3,car,46,17.48,HIGH,cloudy,28.655334,77.184368,0.31,highway,SW,normal
evt_8721c659eb3e4ac2b734fce3614a8aca,2026-09-26T17:35:05+00:00,S025,J003,L2,car,17,36.99,MEDIUM,clear,28.608349,77.180087,0.11,local,NE,normal
evt_623db91bff424fab9c01c5093939d892,2026-09-26T17:35:13+00:00,S009,J005,L2,car,45,28.65,HIGH,clear,28.63221,77.205185,0.3,highway,NW,normal
evt_e3d01219e4da4e7cae68c519c8081c08,2026-09-26T17:35:20+00:00,S002,J002,L3,car,56,19.42,HIGH,clear,28.619324,77.174609,0.37,highway,N,normal
evt_b72d5d4926584a5e8294f8b5936f67a1,2026-09-26T17:35:30+00:00,S029,J008,L2,van,109,9.2,SEVERE,clear,28.632315,77.166988,0.73,local,SE,normal
evt_a4b0e9c0b93f4110a00929ea16940bd2,2026-09-26T17:35:34+00:00,S027,J003,L1,car,67,16.54,HIGH,cloudy,28.608199,77.18016,0.45,local,E,normal
evt_a13011976ccf4b7fa9b621fa7eb4aeca,2026-09-26T17:35:39+00:00,S010,J007,L2,motorcycle,127,2.44,SEVERE,clear,28.654465,77.18509,0.85,arterial,NE,normal
evt_2e36efdcbb9d4d0795768e48fb7e41b1,2026-09-26T17:35:43+00:00,S008,J006,L6,car,62,20.17,HIGH,clear,28.598311,77.191609,0.41,local,E,normal
evt_4634f285501b468291eb8cd82ce9e7b3,2026-09-26T17:35:47+00:00,S006,J006,L4,truck,32,17.11,HIGH,clear,28.598421,77.191761,0.21,local,NE,normal
evt_a0ea6a924be14d7cb74486d8873595e0,2026-09-26T17:35:52+00:00,S015,J008,L1,car,43,27.28,HIGH,clear,28.632255,77.16715,0.29,local,W,normal
evt_e427087237e646a48ffa2bb3279c0d03,2026-09-26T17:35:59+00:00,S013,J004,L3,car,113,12.11,SEVERE,rain,28.66172,77.239744,0.75,arterial,E,normal
evt_be4702e660254cee85c5cde58e00a55b,2026-09-26T17:36:08+00:00,S010,J007,L2,car,148,3.17,SEVERE,fog,28.654465,77.18509,0.99,arterial,NE,normal
evt_a9dc929def9a4813bb220d514650055e,2026-09-26T17:36:12+00:00,S003,J001,L2,motorcycle,142,1.38,SEVERE,clear,28.602648,77.246842,0.95,local,W,normal
evt_83e5671d03844f74b9223e7b18b763d5,2026-09-26T17:36:20+00:00,S003,J001,L2,motorcycle,35,28.4,HIGH,clear,28.602648,77.246842,0.23,local,W,normal
evt_61eaf24afefc4171a512802f293d73f6,2026-09-26T17:36:24+00:00,S008,J006,L6,car,70,19.43,HIGH,clear,28.598311,77.191609,0.47,local,E,normal
evt_6d913b0e42e649718d354a8e94eacacd,2026-09-26T17:36:27+00:00,S004,J003,L2,car,41,14.25,HIGH,clear,28.608345,77.180107,0.27,local,NE,normal
evt_bc036cee4ccc4efcb7172adac6a4b86b,2026-09-26T17:36:28+00:00,S016,J009,L4,van,129,3.86,SEVERE,rain,28.649299,77.221181,0.86,highway,N,normal
evt_9f439ca8fbdb4f13a2210de497e4283f,2026-09-26T17:36:36+00:00,S026,J004,L2,truck,83,1.86,SEVERE,clear,28.661812,77.239801,0.55,arterial,W,minor_incident
evt_292ed82b793842f58d6818f0f71040c4,2026-09-26T17:36:43+00:00,S009,J005,L2,motorcycle,18,25.71,MEDIUM,cloudy,28.63221,77.205185,0.12,highway,NW,normal
evt_63707ed0c5e54024a87132e471abc479,2026-09-26T17:36:49+00:00,S026,J004,L2,auto_rickshaw,29,25.59,MEDIUM,cloudy,28.661812,77.239801,0.19,arterial,W,normal
evt_e569807b2ac0409a915884cce76f9165,2026-09-26T17:36:50+00:00,S017,J004,L3,auto_rickshaw,75,4.28,SEVERE,rain,28.661804,77.239639,0.5,arterial,SW,normal
evt_53d655974aa94e0a80a5bf271be4cdbf,2026-09-26T17:36:52+00:00,S011,J008,L1,truck,75,8.97,SEVERE,cloudy,28.632225,77.166992,0.5,local,NE,normal
evt_475a6e94bf6c4265ad921ab8d7caab5d,2026-09-26T17:37:00+00:00,S002,J002,L3,truck,73,10.06,SEVERE,cloudy,28.619324,77.174609,0.49,highway,N,normal
evt_273c3dde0e7b4ca7a02d67bcd348d2f6,2026-09-26T17:37:04+00:00,S030,J006,L4,truck,79,13.37,SEVERE,clear,28.598275,77.191626,0.53,local,NW,normal
evt_61cd8aabfc904aabbe196097480cbe16,2026-09-26T17:37:05+00:00,S015,J008,L1,motorcycle,15,39.71,MEDIUM,clear,28.632255,77.16715,0.1,local,W,normal
evt_9243b5ff23594a1f8b577fb1891879f8,2026-09-26T17:37:07+00:00,S026,J004,L2,car,91,2.54,SEVERE,clear,28.661812,77.239801,0.61,arterial,W,normal
evt_2e8a8acf05ee413d81df297973334bd2,2026-09-26T17:37:09+00:00,S006,J006,L4,auto_rickshaw,34,23.35,HIGH,clear,28.598421,77.191761,0.23,local,NE,minor_incident
evt_fb36aff7bbb041a59922f4664947626e,2026-09-26T17:37:19+00:00,S012,J006,L3,motorcycle,90,0.44,SEVERE,rain,28.598354,77.191618,0.6,local,NW,normal
evt_843d0c3e0d864150a04782a2b950ff1f,2026-09-26T17:37:25+00:00,S008,J006,L6,car,149,1.87,SEVERE,rain,28.598311,77.191609,0.99,local,E,normal
evt_b43cac2dd94f4190810c5b2d3b502623,2026-09-26T17:37:28+00:00,S017,J004,L3,motorcycle,66,13.95,HIGH,rain,28.661804,77.239639,0.44,arterial,SW,normal
evt_63db4fae98c94dd8a34f1ed97390d9b4,2026-09-26T17:37:38+00:00,S008,J006,L6,motorcycle,12,25.83,MEDIUM,cloudy,28.598311,77.191609,0.08,local,E,normal
evt_d49a1703aa644075b152ec9ba1e271f8,2026-09-26T17:37:48+00:00,S007,J005,L1,car,62,15.6,HIGH,cloudy,28.632115,77.205206,0.41,highway,N,normal
evt_ca72c08b22a345b08e87a9123ca16f58,2026-09-26T17:37:58+00:00,S008,J006,L6,motorcycle,138,3.27,SEVERE,clear,28.598311,77.191609,0.92,local,E,normal
evt_a2e9d154ce934c7ba6dd07abc494f9cb,2026-09-26T17:38:06+00:00,S021,J007,L2,auto_rickshaw,62,23.44,HIGH,clear,28.654318,77.185082,0.41,arterial,S,normal
evt_8ddcaa5d5352476e866adc6c23187888,2026-09-26T17:38:16+00:00,S030,J006,L4,auto_rickshaw,64,23.13,HIGH,cloudy,28.598275,77.191626,0.43,local,NW,normal
evt_0c8a8446f01a43e1a628a3e48b24f981,2026-09-26T17:38:20+00:00,S022,J005,L2,car,11,49.91,MEDIUM,clear,28.632101,77.20505,0.07,highway,E,normal
evt_05fc9cdb3be64cb6810b7ce440e6f203,2026-09-26T17:38:27+00:00,S013,J004,L3,motorcycle,47,28.0,HIGH,clear,28.66172,77.239744,0.31,arterial,E,normal
evt_2a92fe8da818473bbe3c2e00d2602086,2026-09-26T17:38:36+00:00,S012,J006,L3,auto_rickshaw,38,19.21,HIGH,clear,28.598354,77.191618,0.25,local,NW,normal
evt_215fb71b6ce84887b1efe03488a94301,2026-09-26T17:38:38+00:00,S030,J006,L4,motorcycle,80,9.73,SEVERE,rain,28.598275,77.191626,0.53,local,NW,normal
evt_7c7e08d0da8c43d1850bb9953e3e1459,2026-09-26T17:38:45+00:00,S030,J006,L4,truck,25,42.39,MEDIUM,clear,28.598275,77.191626,0.17,local,NW,normal
evt_9b1f383dbddf4a32a1f59e284f865de7,2026-09-26T17:38:55+00:00,S023,J009,L3,bus,147,2.66,SEVERE,rain,28.64929,77.221191,0.98,highway,NW,normal
evt_c00f89d69fc142898ba10c944c24d225,2026-09-26T17:39:03+00:00,S013,J004,L3,van,149,9.33,SEVERE,rain,28.66172,77.239744,0.99,arterial,E,normal
evt_84e43157febd4865bd14d3f63d35f61b,2026-09-26T17:39:13+00:00,S022,J005,L2,motorcycle,95,1.48,SEVERE,clear,28.632101,77.20505,0.63,highway,E,normal
evt_b79d52f07531423181a4347de6c3035c,2026-09-26T17:39:19+00:00,S018,J002,L2,car,16,43.14,MEDIUM,clear,28.619258,77.174663,0.11,highway,SE,normal
evt_44e766eb7a414372a9850675cd7ea567,2026-09-26T17:39:24+00:00,S028,J004,L2,car,52,12.38,HIGH,clear,28.661711,77.239779,0.35,arterial,SE,normal
evt_8c80813bc2fd4dfbb4f49ae22fa8c7b9,2026-09-26T17:39:28+00:00,S001,J005,L1,bus,38,29.85,HIGH,clear,28.632102,77.205139,0.25,highway,W,minor_incident
evt_81cc1e39c5e74d95bad0c8cea73a55a1,2026-09-26T17:39:35+00:00,S003,J001,L2,motorcycle,29,37.58,MEDIUM,cloudy,28.602648,77.246842,0.19,local,W,normal
evt_2cdc3fb9287342c79f36a76476b97f59,2026-09-26T17:39:43+00:00,S019,J008,L2,motorcycle,56,11.66,HIGH,clear,28.632182,77.167019,0.37,local,NE,minor_incident
evt_4d95a59ab7ba423899a52e563bd5fd5f,2026-09-26T17:39:44+00:00,S004,J003,L2,motorcycle,46,16.65,HIGH,cloudy,28.608345,77.180107,0.31,local,NE,normal
evt_aee57314535b488f8a90a46890d7968a,2026-09-26T17:39:53+00:00,S022,J005,L2,car,23,32.63,MEDIUM,clear,28.632101,77.20505,0.15,highway,E,normal
evt_0740314bd0e147eb9704f7d1547636ee,2026-09-26T17:39:59+00:00,S002,J002,L3,car,34,28.88,HIGH,clear,28.619324,77.174609,0.23,highway,N,normal
evt_90bfe5210d8648aab195fd3568dc3b82,2026-09-26T17:40:09+00:00,S016,J009,L4,car,45,20.51,HIGH,clear,28.649299,77.221181,0.3,highway,N,normal
evt_296eb244cfcf465788b4b7ba8ef911b3,2026-09-26T17:40:15+00:00,S017,J004,L3,car,27,44.09,MEDIUM,cloudy,28.661804,77.239639,0.18,arterial,SW,normal
evt_35657012a81f4be28b8498902fe0c264,2026-09-26T17:40:20+00:00,S004,J003,L2,motorcycle,60,12.52,HIGH,clear,28.608345,77.180107,0.4,local,NE,normal
evt_47eb9d9426934e15956bc5c595caeabf,2026-09-26T17:40:27+00:00,S019,J008,L2,car,121,4.17,SEVERE,clear,28.632182,77.167019,0.81,local,NE,normal
evt_38629dc76bca47e9a48c2660a52b8fe4,2026-09-26T17:40:28+00:00,S011,J008,L1,motorcycle,49,13.86,HIGH,clear,28.632225,77.166992,0.33,local,NE,normal
evt_aaf315e9ad644d70a23f39d6f41fc138,2026-09-26T17:40:34+00:00,S025,J003,L2,motorcycle,17,43.63,MEDIUM,clear,28.608349,77.180087,0.11,local,NE,normal
evt_2f6472511caf4a2ab8f3754e76e9f7f0,2026-09-26T17:40:40+00:00,S019,J008,L2,bus,119,14.31,SEVERE,clear,28.632182,77.167019,0.79,local,NE,major_incident
evt_52fde9ee79414b749a6174783a88c378,2026-09-26T17:40:41+00:00,S004,J003,L2,car,111,13.92,SEVERE,clear,28.608345,77.180107,0.74,local,NE,normal
evt_4535e70d51d74866afb963f24259695a,2026-09-26T17:40:51+00:00,S003,J001,L2,van,95,5.48,SEVERE,fog,28.602648,77.246842,0.63,local,W,normal
evt_8a92c3278dfd422db33f63ec87260824,2026-09-26T17:40:56+00:00,S018,J002,L2,car,33,11.83,HIGH,clear,28.619258,77.174663,0.22,highway,SE,normal
evt_c798f83fc1584b52b49e6b55cf9d3e7b,2026-09-26T17:40:59+00:00,S018,J002,L2,van,25,42.8,MEDIUM,clear,28.619258,77.174663,0.17,highway,SE,normal
evt_73a4ca6d698c416caa659be52ac984cf,2026-09-26T17:41:02+00:00,S012,J006,L3,car,117,0.95,SEVERE,clear,28.598354,77.191618,0.78,local,NW,normal
evt_444047a81fe647b99ea14341267c018e,2026-09-26T17:41:11+00:00,S019,J008,L2,car,50,19.42,HIGH,clear,28.632182,77.167019,0.33,local,NE,normal
evt_d2e47db64e9f450fb09aef7ee69454d0,2026-09-26T17:41:12+00:00,S023,J009,L3,car,95,11.14,SEVERE,fog,28.64929,77.221191,0.63,highway,NW,normal
evt_bccc9041e3964166bd9a05859f76d7f4,2026-09-26T17:41:20+00:00,S029,J008,L2,auto_rickshaw,36,28.7,HIGH,cloudy,28.632315,77.166988,0.24,local,SE,normal
evt_bf6630325857442db8b34ed0d97f9db9,2026-09-26T17:41:30+00:00,S027,J003,L1,car,150,8.13,SEVERE,rain,28.608199,77.18016,1.0,local,E,normal
evt_f9b51d6a730c4a8fafa94ac433d43708,2026-09-26T17:41:37+00:00,S026,J004,L2,motorcycle,81,9.63,SEVERE,cloudy,28.661812,77.239801,0.54,arterial,W,normal
evt_7c4eab7cc6954f62a34691d49a4e4eff,2026-09-26T17:41:40+00:00,S011,J008,L1,car,50,10.92,HIGH,clear,28.632225,77.166992,0.33,local,NE,normal
evt_9613529ff78e463abc1e3df4375ec9b2,2026-09-26T17:41:43+00:00,S016,J009,L4,motorcycle,83,11.92,SEVERE,clear,28.649299,77.221181,0.55,highway,N,normal
evt_59410dba771c4c509aa855bc887a44ed,2026-09-26T17:41:53+00:00,S009,J005,L2,car,14,36.17,MEDIUM,cloudy,28.63221,77.205185,0.09,highway,NW,normal
evt_3f594e5f03c3469db0aa983855668e7e,2026-09-26T17:42:00+00:00,S025,J003,L2,car,67,19.52,HIGH,rain,28.608349,77.180087,0.45,local,NE,normal
evt_065acc20ed7f468ab6ac5b32016b81df,2026-09-26T17:42:06+00:00,S014,J010,L3,auto_rickshaw,14,35.59,MEDIUM,clear,28.655334,77.184368,0.09,highway,SW,normal
evt_db3ac89156e84a99be19fc70f333584d,2026-09-26T17:42:11+00:00,S028,J004,L2,car,98,12.09,SEVERE,clear,28.661711,77.239779,0.65,arterial,SE,normal
evt_8afd515263a44176a1175ba2af052491,2026-09-26T17:42:15+00:00,S014,J010,L3,car,93,7.24,SEVERE,rain,28.655334,77.184368,0.62,highway,SW,normal
evt_265adfaadfa44fb5ac1272efaba3005b,2026-09-26T17:42:20+00:00,S006,J006,L4,car,82,12.86,SEVERE,clear,28.598421,77.191761,0.55,local,NE,normal
evt_5adc64e338c64114ac76f24619ab1ab1,2026-09-26T17:42:24+00:00,S011,J008,L1,car,63,19.1,HIGH,clear,28.632225,77.166992,0.42,local,NE,normal
evt_4ec6233cf0474190b9e2ea45db14abaf,2026-09-26T17:42:32+00:00,S026,J004,L2,car,50,13.43,HIGH,clear,28.661812,77.239801,0.33,arterial,W,normal
evt_84282810cc8e4c909502a346f4550c49,2026-09-26T17:42:39+00:00,S010,J007,L2,car,148,5.76,SEVERE,rain,28.654465,77.18509,0.99,arterial,NE,normal
evt_7686147f8f5a48b69f319713d30b595b,2026-09-26T17:42:49+00:00,S027,J003,L1,motorcycle,38,27.09,HIGH,clear,28.608199,77.18016,0.25,local,E,normal
evt_f926c9283cf8413e95371e78910d642d,2026-09-26T17:42:53+00:00,S006,J006,L4,car,41,21.78,HIGH,rain,28.598421,77.191761,0.27,local,NE,normal
evt_5bf29c7648654f0da991f1880b5f5d48,2026-09-26T17:42:55+00:00,S028,J004,L2,bus,60,29.95,HIGH,clear,28.661711,77.239779,0.4,arterial,SE,normal
evt_6278819ff17b4645927f17367c747901,2026-09-26T17:43:02+00:00,S007,J005,L1,truck,32,27.38,HIGH,cloudy,28.632115,77.205206,0.21,highway,N,normal
evt_691c736f80b341cf840ce043c86ad683,2026-09-26T17:43:10+00:00,S014,J010,L3,van,90,9.83,SEVERE,clear,28.655334,77.184368,0.6,highway,SW,normal
evt_9835bf3a71f246a2bc89c71f37a2de6c,2026-09-26T17:43:18+00:00,S013,J004,L3,car,75,7.97,SEVERE,rain,28.66172,77.239744,0.5,arterial,E,normal
evt_b12aedd08adf462e921ff66aad43c523,2026-09-26T17:43:21+00:00,S023,J009,L3,car,94,6.77,SEVERE,clear,28.64929,77.221191,0.63,highway,NW,normal
evt_417ff54b7a9b4971ad2b6d57f06a4a94,2026-09-26T17:43:26+00:00,S011,J008,L1,car,139,10.03,SEVERE,rain,28.632225,77.166992,0.93,local,NE,normal
evt_1eb2f3bc26f04241a3126f601d3ac993,2026-09-26T17:43:29+00:00,S005,J006,L5,car,85,0.35,SEVERE,clear,28.59833,77.191644,0.57,local,N,normal
evt_f91bc7e7eee64773bba01d67e25e7431,2026-09-26T17:43:31+00:00,S002,J002,L3,car,115,11.01,SEVERE,clear,28.619324,77.174609,0.77,highway,N,normal
evt_79e1c32228354c8f89d9af532d831d45,2026-09-26T17:43:40+00:00,S016,J009,L4,motorcycle,41,19.07,HIGH,cloudy,28.649299,77.221181,0.27,highway,N,normal
evt_7513ca2e232040c78129d1c1091d6446,2026-09-26T17:43:48+00:00,S009,J005,L2,car,121,5.09,SEVERE,rain,28.63221,77.205185,0.81,highway,NW,normal
evt_19d3cddabf214e389a1d6698bee9a549,2026-09-26T17:43:58+00:00,S012,J006,L3,motorcycle,65,12.14,HIGH,cloudy,28.598354,77.191618,0.43,local,NW,normal
evt_ea83dc6533a94a2eadc834b0e1379752,2026-09-26T17:44:01+00:00,S023,J009,L3,car,125,1.21,SEVERE,rain,28.64929,77.221191,0.83,highway,NW,normal
evt_73aef7fb7b3a4ea7aabf838b0f9e0710,2026-09-26T17:44:09+00:00,S029,J008,L2,auto_rickshaw,14,34.57,MEDIUM,clear,28.632315,77.166988,0.09,local,SE,normal
evt_d4102f631a544253963ea03c88c9a59c,2026-09-26T17:44:15+00:00,S007,J005,L1,car,24,31.03,MEDIUM,clear,28.632115,77.205206,0.16,highway,N,normal
evt_2533265a8c4c43bcadf4435daaf46aef,2026-09-26T17:44:20+00:00,S014,J010,L3,motorcycle,63,15.55,HIGH,cloudy,28.655334,77.184368,0.42,highway,SW,normal
evt_f773480b46f144c78e939fe03e2e96fc,2026-09-26T17:44:22+00:00,S021,J007,L2,motorcycle,24,34.66,MEDIUM,clear,28.654318,77.185082,0.16,arterial,S,normal
evt_265cd2550dd541cf9286c271a23180e1,2026-09-26T17:44:26+00:00,S021,J007,L2,car,32,20.97,HIGH,clear,28.654318,77.185082,0.21,arterial,S,normal
evt_3d101702ac384bc5b5e4ba64fa3354cf,2026-09-26T17:44:36+00:00,S011,J008,L1,bus,134,2.9,SEVERE,cloudy,28.632225,77.166992,0.89,local,NE,normal
evt_6d8c0744e68b4589a8329cb47cdb0736,2026-09-26T17:44:45+00:00,S022,J005,L2,car,100,6.23,SEVERE,rain,28.632101,77.20505,0.67,highway,E,normal
evt_03ab0b65af6145ff9a72547b14a0ce6c,2026-09-26T17:44:52+00:00,S003,J001,L2,auto_rickshaw,125,6.33,SEVERE,rain,28.602648,77.246842,0.83,local,W,normal
evt_879dac59a5a2448a91282c65cdcb1588,2026-09-26T17:44:54+00:00,S023,J009,L3,car,39,26.77,HIGH,clear,28.64929,77.221191,0.26,highway,NW,normal
evt_4fac3bde15b242a6ae96835a46d9b67f,2026-09-26T17:44:55+00:00,S007,J005,L1,car,110,6.08,SEVERE,rain,28.632115,77.205206,0.73,highway,N,normal
evt_b73f9e2f2ede444a889335e2bc1370df,2026-09-26T17:45:05+00:00,S009,J005,L2,auto_rickshaw,110,9.75,SEVERE,rain,28.63221,77.205185,0.73,highway,NW,normal
evt_39955206c8154bd49e39a66dc1885e37,2026-09-26T17:45:15+00:00,S017,J004,L3,car,36,24.35,HIGH,clear,28.661804,77.239639,0.24,arterial,SW,normal
evt_0d4c7fd9c5444c9bb5315ccfd6de9bb9,2026-09-26T17:45:19+00:00,S002,J002,L3,auto_rickshaw,58,14.57,HIGH,clear,28.619324,77.174609,0.39,highway,N,normal
evt_1b8fd936bcdb437db829d547edde3610,2026-09-26T17:45:27+00:00,S028,J004,L2,van,45,18.13,HIGH,cloudy,28.661711,77.239779,0.3,arterial,SE,normal
evt_7c8ecde6637d4b5c952e7d01e2d898d1,2026-09-26T17:45:36+00:00,S025,J003,L2,motorcycle,40,11.08,HIGH,cloudy,28.608349,77.180087,0.27,local,NE,normal
evt_aa454d2b92e44f0a9c433c81d2d8f701,2026-09-26T17:45:40+00:00,S009,J005,L2,car,37,27.47,HIGH,cloudy,28.63221,77.205185,0.25,highway,NW,normal
evt_92b796b1bec8478a8e5647eac3973367,2026-09-26T17:45:46+00:00,S014,J010,L3,van,41,14.17,HIGH,clear,28.655334,77.184368,0.27,highway,SW,minor_incident
evt_cdbfe263ba904a2ba9b1269783fe85da,2026-09-26T17:45:55+00:00,S011,J008,L1,auto_rickshaw,59,11.87,HIGH,clear,28.632225,77.166992,0.39,local,NE,normal
evt_61046e08d65646c19fb4b81001cc2b4b,2026-09-26T17:46:05+00:00,S026,J004,L2,motorcycle,52,13.85,HIGH,cloudy,28.661812,77.239801,0.35,arterial,W,normal
evt_8780e392151245c281b3126a598b9fd4,2026-09-26T17:46:07+00:00,S012,J006,L3,van,36,18.82,HIGH,clear,28.598354,77.191618,0.24,local,NW,normal
evt_d5ddd3916dd14548b3a7fbc1f3927d62,2026-09-26T17:46:13+00:00,S011,J008,L1,auto_rickshaw,135,0.99,SEVERE,clear,28.632225,77.166992,0.9,local,NE,normal
evt_c0b8040843dc45deb98519d77fb2b6ad,2026-09-26T17:46:22+00:00,S015,J008,L1,motorcycle,43,13.51,HIGH,cloudy,28.632255,77.16715,0.29,local,W,normal
evt_59a255dfaa784829b07bc1abbebf588d,2026-09-26T17:46:23+00:00,S002,J002,L3,motorcycle,11,45.76,MEDIUM,clear,28.619324,77.174609,0.07,highway,N,normal
evt_b34c19436f4248deb0ce073e2eb72721,2026-09-26T17:46:27+00:00,S002,J002,L3,van,150,5.03,SEVERE,rain,28.619324,77.174609,1.0,highway,N,normal
evt_906a8999bd3e484f96e1d5505634c19e,2026-09-26T17:46:36+00:00,S014,J010,L3,truck,18,41.38,MEDIUM,clear,28.655334,77.184368,0.12,highway,SW,normal
evt_9c5da21bf4da4f8184589370390e945d,2026-09-26T17:46:42+00:00,S017,J004,L3,car,48,28.21,HIGH,cloudy,28.661804,77.239639,0.32,arterial,SW,normal
evt_66daa0f190904a76b57db40493d939e8,2026-09-26T17:46:45+00:00,S012,J006,L3,van,63,14.74,HIGH,clear,28.598354,77.191618,0.42,local,NW,normal
evt_a1ecac3c0e14452bbb410984054a7931,2026-09-26T17:46:48+00:00,S007,J005,L1,car,70,23.03,HIGH,clear,28.632115,77.205206,0.47,highway,N,normal
evt_73125ba7721848948d2190ea9320a566,2026-09-26T17:46:51+00:00,S011,J008,L1,car,53,15.71,HIGH,clear,28.632225,77.166992,0.35,local,NE,minor_incident
evt_b79b74dcaca84288882618047ed9b00e,2026-09-26T17:46:56+00:00,S018,J002,L2,motorcycle,32,11.3,HIGH,clear,28.619258,77.174663,0.21,highway,SE,normal
evt_7b22be9a6f2e46d485f29941fe4d3afb,2026-09-26T17:47:05+00:00,S014,J010,L3,car,63,21.84,HIGH,clear,28.655334,77.184368,0.42,highway,SW,normal
evt_14ac53f6e72f442b9d582bdb50ba3700,2026-09-26T17:47:06+00:00,S012,J006,L3,car,32,23.65,HIGH,cloudy,28.598354,77.191618,0.21,local,NW,normal
evt_5b712b3493d04cb1856806f3639ebddc,2026-09-26T17:47:09+00:00,S006,J006,L4,motorcycle,109,2.82,SEVERE,fog,28.598421,77.191761,0.73,local,NE,normal
evt_5ff814ee175c4b429f72f11428d142f0,2026-09-26T17:47:18+00:00,S024,J001,L1,car,72,0.44,SEVERE,rain,28.602744,77.246835,0.48,local,E,normal
evt_1260aedc929a4fc48aed104ed48b3e52,2026-09-26T17:47:25+00:00,S010,J007,L2,motorcycle,13,32.33,MEDIUM,cloudy,28.654465,77.18509,0.09,arterial,NE,normal
evt_628c2518688b401b9fadd15bb93eb393,2026-09-26T17:47:27+00:00,S026,J004,L2,motorcycle,41,29.22,HIGH,clear,28.661812,77.239801,0.27,arterial,W,normal
evt_d134067de7de4ffbb86c686fc368b852,2026-09-26T17:47:37+00:00,S005,J006,L5,auto_rickshaw,65,13.96,HIGH,cloudy,28.59833,77.191644,0.43,local,N,normal
evt_f630b95fe81048ea9beae80e47b3e9f3,2026-09-26T17:47:43+00:00,S009,J005,L2,motorcycle,135,7.82,SEVERE,cloudy,28.63221,77.205185,0.9,highway,NW,normal
evt_415add1c0e384a30ba56194ae6a96658,2026-09-26T17:47:44+00:00,S006,J006,L4,motorcycle,46,26.45,HIGH,cloudy,28.598421,77.191761,0.31,local,NE,normal
evt_5d1260a874b547c0bbc135644a405a21,2026-09-26T17:47:47+00:00,S028,J004,L2,motorcycle,70,22.82,HIGH,clear,28.661711,77.239779,0.47,arterial,SE,normal
evt_2c13c29a9f4f4dcd85423c1a76295ddb,2026-09-26T17:47:56+00:00,S010,J007,L2,auto_rickshaw,102,6.88,SEVERE,clear,28.654465,77.18509,0.68,arterial,NE,normal
evt_8509df882b104eba806be8f133ce1a17,2026-09-26T17:48:01+00:00,S030,J006,L4,truck,115,2.22,SEVERE,clear,28.598275,77.191626,0.77,local,NW,normal
evt_fe4995616b4e4150b2ed58e3c3969727,2026-09-26T17:48:08+00:00,S023,J009,L3,motorcycle,17,42.93,MEDIUM,clear,28.64929,77.221191,0.11,highway,NW,normal
evt_bd4289dedac044a0821f6f19fba56398,2026-09-26T17:48:12+00:00,S002,J002,L3,motorcycle,107,1.86,SEVERE,clear,28.619324,77.174609,0.71,highway,N,normal
evt_4434cc98532f4e919482fe302c8cee3a,2026-09-26T17:48:17+00:00,S001,J005,L1,car,29,31.99,MEDIUM,clear,28.632102,77.205139,0.19,highway,W,normal
evt_c706d7f6a2a048d497a973fd027d855e,2026-09-26T17:48:22+00:00,S013,J004,L3,motorcycle,42,17.79,HIGH,cloudy,28.66172,77.239744,0.28,arterial,E,normal
evt_31c50c0a3f2d48b0b4b9656322951a7c,2026-09-26T17:48:30+00:00,S005,J006,L5,car,66,13.23,HIGH,cloudy,28.59833,77.191644,0.44,local,N,normal
evt_e6988dc0605b46f0a9e24e6681ec6acb,2026-09-26T17:48:38+00:00,S030,J006,L4,car,94,10.17,SEVERE,rain,28.598275,77.191626,0.63,local,NW,normal
evt_144746336bae4d588fafbcc8c5e61853,2026-09-26T17:48:39+00:00,S026,J004,L2,car,15,48.42,MEDIUM,clear,28.661812,77.239801,0.1,arterial,W,normal
evt_b85b6496de8549f98d43be886f5ccd0b,2026-09-26T17:48:46+00:00,S023,J009,L3,car,51,24.56,HIGH,cloudy,28.64929,77.221191,0.34,highway,NW,normal
evt_d7c137bc2b7d4a7b93bc1c38635bb649,2026-09-26T17:48:54+00:00,S024,J001,L1,car,47,13.88,HIGH,clear,28.602744,77.246835,0.31,local,E,normal
evt_72c106dda5e9423d83f59016bc45322b,2026-09-26T17:49:04+00:00,S017,J004,L3,car,53,24.03,HIGH,clear,28.661804,77.239639,0.35,arterial,SW,normal
evt_d3a8e85b3f044b1f97018a5d11e0f98b,2026-09-26T17:49:09+00:00,S006,J006,L4,van,63,11.42,HIGH,clear,28.598421,77.191761,0.42,local,NE,normal
evt_ec350cc2e2084dd6a9af8b79b0a487d9,2026-09-26T17:49:11+00:00,S016,J009,L4,auto_rickshaw,62,10.81,HIGH,clear,28.649299,77.221181,0.41,highway,N,normal
evt_da36a5de8bb84b0ba3b0b6306809d461,2026-09-26T17:49:14+00:00,S021,J007,L2,car,131,14.48,SEVERE,clear,28.654318,77.185082,0.87,arterial,S,normal
evt_0a8ce0d633454023b77f9a826a353e96,2026-09-26T17:49:22+00:00,S002,J002,L3,motorcycle,12,36.79,MEDIUM,cloudy,28.619324,77.174609,0.08,highway,N,normal
evt_409f28170a7142a8b5244b1e8b08cbeb,2026-09-26T17:49:23+00:00,S009,J005,L2,motorcycle,94,5.51,SEVERE,rain,28.63221,77.205185,0.63,highway,NW,normal
evt_a8bccded9d4a40b3a41416f5c309e4bd,2026-09-26T17:49:26+00:00,S011,J008,L1,car,35,14.04,HIGH,clear,28.632225,77.166992,0.23,local,NE,normal
evt_a42f4cf102f04457b2f40e49ae920ef4,2026-09-26T17:49:32+00:00,S016,J009,L4,car,79,8.95,SEVERE,clear,28.649299,77.221181,0.53,highway,N,major_incident
evt_1d9138c3693d4a0ba2a16b1f007a479b,2026-09-26T17:49:41+00:00,S009,J005,L2,motorcycle,40,16.43,HIGH,clear,28.63221,77.205185,0.27,highway,NW,normal
evt_77be1c9d8ec54c5bab21ec765c42484f,2026-09-26T17:49:45+00:00,S020,J008,L2,truck,50,22.21,HIGH,clear,28.63215,77.167047,0.33,local,S,normal
evt_a054c0e35cd34aff91752df3f175f046,2026-09-26T17:49:51+00:00,S026,J004,L2,motorcycle,107,5.72,SEVERE,rain,28.661812,77.239801,0.71,arterial,W,normal
evt_c1fccb7588a34a159467add41309b2cb,2026-09-26T17:49:55+00:00,S022,J005,L2,car,79,1.62,SEVERE,rain,28.632101,77.20505,0.53,highway,E,normal
evt_6251a18a984144a89acf30329b7bfabb,2026-09-26T17:50:01+00:00,S026,J004,L2,car,34,14.44,HIGH,cloudy,28.661812,77.239801,0.23,arterial,W,normal
evt_206b0bd1b1794e4daa6cd1602d2f56e6,2026-09-26T17:50:08+00:00,S013,J004,L3,truck,78,2.25,SEVERE,clear,28.66172,77.239744,0.52,arterial,E,normal
evt_5a3d568a14ac443eba4c3b7a980361fd,2026-09-26T17:50:15+00:00,S006,J006,L4,bus,115,3.69,SEVERE,fog,28.598421,77.191761,0.77,local,NE,normal
evt_b4e861cfa8c046498d1a21c99a762d11,2026-09-26T17:50:21+00:00,S028,J004,L2,auto_rickshaw,72,8.84,SEVERE,clear,28.661711,77.239779,0.48,arterial,SE,minor_incident
evt_c7bcff2b246c4b1bb40a66eb993e362f,2026-09-26T17:50:27+00:00,S016,J009,L4,car,65,20.4,HIGH,clear,28.649299,77.221181,0.43,highway,N,normal
evt_249f1458d9fe46cabba9b93c3e519062,2026-09-26T17:50:28+00:00,S025,J003,L2,van,20,32.33,MEDIUM,clear,28.608349,77.180087,0.13,local,NE,minor_incident
evt_f3a17c9436f14ee29471edefe87802a6,2026-09-26T17:50:34+00:00,S014,J010,L3,auto_rickshaw,37,26.8,HIGH,cloudy,28.655334,77.184368,0.25,highway,SW,normal
evt_1a45a52d08b34f55826c9a22611a8dcf,2026-09-26T17:50:41+00:00,S005,J006,L5,van,73,2.83,SEVERE,clear,28.59833,77.191644,0.49,local,N,normal
evt_1c37629ec6264d53ab55f7ec905635f4,2026-09-26T17:50:47+00:00,S013,J004,L3,motorcycle,143,4.16,SEVERE,fog,28.66172,77.239744,0.95,arterial,E,normal
evt_11cd75f0448542b9a6ddbe3c7748eae1,2026-09-26T17:50:53+00:00,S029,J008,L2,car,69,26.27,HIGH,cloudy,28.632315,77.166988,0.46,local,SE,normal
evt_b0b11123cec34c58b3c0bd9d17c08d72,2026-09-26T17:50:56+00:00,S013,J004,L3,car,37,19.33,HIGH,clear,28.66172,77.239744,0.25,arterial,E,normal
evt_4ddb2c160b914d5ea54aa6da1be0f434,2026-09-26T17:51:04+00:00,S014,J010,L3,car,47,17.9,HIGH,clear,28.655334,77.184368,0.31,highway,SW,normal
evt_04d0165e4c5641259503bc86f7c9e0d7,2026-09-26T17:51:08+00:00,S027,J003,L1,van,56,21.24,HIGH,clear,28.608199,77.18016,0.37,local,E,normal
evt_04f009ef07d541379c99ae94dc744ec3,2026-09-26T17:51:09+00:00,S006,J006,L4,car,150,9.75,SEVERE,cloudy,28.598421,77.191761,1.0,local,NE,normal
evt_94ce10ec8fdd433b96b516350b60358d,2026-09-26T17:51:12+00:00,S001,J005,L1,motorcycle,63,26.95,HIGH,clear,28.632102,77.205139,0.42,highway,W,normal
evt_f613db5c41ff43118666241bb744410c,2026-09-26T17:51:15+00:00,S016,J009,L4,car,101,3.63,SEVERE,clear,28.649299,77.221181,0.67,highway,N,normal
evt_546fd96632eb4548bb0af6c0490d7d34,2026-09-26T17:51:18+00:00,S006,J006,L4,truck,73,1.67,SEVERE,rain,28.598421,77.191761,0.49,local,NE,normal
evt_34598a72a82b4a1cbf4ca6a4db648629,2026-09-26T17:51:26+00:00,S015,J008,L1,auto_rickshaw,49,29.0,HIGH,cloudy,28.632255,77.16715,0.33,local,W,normal
evt_4a725eea592d43c7a63f67c850873adc,2026-09-26T17:51:33+00:00,S009,J005,L2,car,70,27.78,HIGH,cloudy,28.63221,77.205185,0.47,highway,NW,normal
evt_aa6f4d799a004ebeb86218ece3654ee1,2026-09-26T17:51:39+00:00,S012,J006,L3,car,49,17.15,HIGH,clear,28.598354,77.191618,0.33,local,NW,normal
evt_1d14befaf4294569bbb597eb248b7c33,2026-09-26T17:51:42+00:00,S003,J001,L2,truck,19,41.51,MEDIUM,clear,28.602648,77.246842,0.13,local,W,normal
evt_71bf8239d31944f1b8096aab570a877e,2026-09-26T17:51:51+00:00,S007,J005,L1,van,118,3.72,SEVERE,fog,28.632115,77.205206,0.79,highway,N,normal
evt_fc04ebe3142c4b34b2d713495109d626,2026-09-26T17:52:00+00:00,S018,J002,L2,motorcycle,135,4.38,SEVERE,fog,28.619258,77.174663,0.9,highway,SE,normal
evt_7d91f58a1937492d82cd416e463b24d7,2026-09-26T17:52:07+00:00,S018,J002,L2,car,57,12.03,HIGH,clear,28.619258,77.174663,0.38,highway,SE,normal
evt_ff5feed04cda4e688aa0e9a7dd07d6d6,2026-09-26T17:52:13+00:00,S007,J005,L1,truck,54,13.23,HIGH,clear,28.632115,77.205206,0.36,highway,N,normal
evt_708a5bab085e4b8b8593c614581d974b,2026-09-26T17:52:21+00:00,S017,J004,L3,auto_rickshaw,145,11.96,SEVERE,rain,28.661804,77.239639,0.97,arterial,SW,normal
evt_61b2690f93d1455d8f115e464babd532,2026-09-26T17:52:25+00:00,S007,J005,L1,van,37,10.84,HIGH,clear,28.632115,77.205206,0.25,highway,N,normal
evt_23838d6fe5564e84971a081beccd8fcb,2026-09-26T17:52:26+00:00,S026,J004,L2,motorcycle,122,11.28,SEVERE,rain,28.661812,77.239801,0.81,arterial,W,normal
evt_9201c8b88e25408a8ec79fd99b3dbadb,2026-09-26T17:52:33+00:00,S020,J008,L2,car,47,16.72,HIGH,fog,28.63215,77.167047,0.31,local,S,normal
evt_cad15ae213304db0a1d26f93b27834f0,2026-09-26T17:52:38+00:00,S007,J005,L1,auto_rickshaw,51,15.36,HIGH,cloudy,28.632115,77.205206,0.34,highway,N,normal
evt_84a4daeddf884cc2a1e6240bafb0a19a,2026-09-26T17:52:40+00:00,S029,J008,L2,car,132,3.47,SEVERE,rain,28.632315,77.166988,0.88,local,SE,normal
evt_8dd06f2a6fb34c49b236ca7d8625ba14,2026-09-26T17:52:42+00:00,S013,J004,L3,auto_rickshaw,147,0.42,SEVERE,cloudy,28.66172,77.239744,0.98,arterial,E,normal
evt_6bbdde1e1466476798c3cd5d10d0e085,2026-09-26T17:52:47+00:00,S008,J006,L6,car,50,25.65,HIGH,cloudy,28.598311,77.191609,0.33,local,E,minor_incident
evt_d817e1fcb7ac4a4e8cd6b1cc5e35227d,2026-09-26T17:52:50+00:00,S015,J008,L1,car,27,25.66,MEDIUM,clear,28.632255,77.16715,0.18,local,W,normal
evt_ff3d810035b14076aba5a86950d95c92,2026-09-26T17:52:59+00:00,S024,J001,L1,van,20,47.29,MEDIUM,cloudy,28.602744,77.246835,0.13,local,E,normal
evt_db333ab578324d02b6812e02ad9700ed,2026-09-26T17:53:05+00:00,S015,J008,L1,car,114,1.87,SEVERE,cloudy,28.632255,77.16715,0.76,local,W,normal
evt_31a23c1f4f8844b28d70a970d066728e,2026-09-26T17:53:06+00:00,S014,J010,L3,car,59,16.11,HIGH,cloudy,28.655334,77.184368,0.39,highway,SW,normal
evt_575fba4871ea436eb767e8ed1755ca64,2026-09-26T17:53:08+00:00,S010,J007,L2,car,123,0.11,SEVERE,clear,28.654465,77.18509,0.82,arterial,NE,normal
evt_29c7600871944ab399503c275437e795,2026-09-26T17:53:18+00:00,S022,J005,L2,auto_rickshaw,148,1.31,SEVERE,rain,28.632101,77.20505,0.99,highway,E,normal
evt_d123d63cc7c0411fb552103ddd415c52,2026-09-26T17:53:23+00:00,S024,J001,L1,motorcycle,52,28.93,HIGH,clear,28.602744,77.246835,0.35,local,E,normal
evt_5fde21c4048c489cbe71d1059d3f5628,2026-09-26T17:53:28+00:00,S015,J008,L1,car,13,28.88,MEDIUM,clear,28.632255,77.16715,0.09,local,W,normal
evt_93868512f90744ae8481861a03f4b713,2026-09-26T17:53:35+00:00,S008,J006,L6,auto_rickshaw,38,20.42,HIGH,clear,28.598311,77.191609,0.25,local,E,normal
evt_cef80611dc6d486fb8cbb18a231fe68e,2026-09-26T17:53:38+00:00,S026,J004,L2,auto_rickshaw,107,14.43,SEVERE,clear,28.661812,77.239801,0.71,arterial,W,normal
evt_1e9279be20b24dbc8755de588868d68e,2026-09-26T17:53:42+00:00,S005,J006,L5,car,120,13.53,SEVERE,cloudy,28.59833,77.191644,0.8,local,N,normal
evt_bc3984658fcf4887b87775e1d310da9b,2026-09-26T17:53:52+00:00,S007,J005,L1,motorcycle,23,47.91,MEDIUM,clear,28.632115,77.205206,0.15,highway,N,normal
evt_deeff1d3e9b2427ab5bbb1094b2e9618,2026-09-26T17:54:01+00:00,S026,J004,L2,motorcycle,49,12.83,HIGH,clear,28.661812,77.239801,0.33,arterial,W,normal
evt_913c49b36f5c452596d9bbd84e0790a5,2026-09-26T17:54:04+00:00,S009,J005,L2,motorcycle,42,15.02,HIGH,rain,28.63221,77.205185,0.28,highway,NW,normal
evt_0ff874257a744cd593134afd3731c6be,2026-09-26T17:54:12+00:00,S012,J006,L3,motorcycle,33,20.22,HIGH,cloudy,28.598354,77.191618,0.22,local,NW,normal
evt_04cc0567c2334e4fa35341871b5b535d,2026-09-26T17:54:16+00:00,S019,J008,L2,motorcycle,41,17.08,HIGH,clear,28.632182,77.167019,0.27,local,NE,normal
